ID,SKU,images
14032,10 1500,10-1500-1510-apex-pair.webp|10-1500-1510-apex-laidown.webp|10-1500-1510-apex-group.webp|10-1500-1510-profile-group.webp|10-1500-1510-profile-pair.webp
14033,10 1510,10-1500-1510-apex-pair.webp|10-1500-1510-apex-laidown.webp|10-1500-1510-apex-group.webp|10-1500-1510-profile-group.webp|10-1500-1510-profile-pair.webp
14050,10 7000,10-7000-profile-group.webp|10-7000-profile-pair.webp
14072,10 9000,10-9000-apex-group.webp|10-9000-apex-laidown.webp|10-9000-apex-side.webp|10-9000-apex-pair.webp|10-9000-profile-group.webp|10-9000-profile-pair.webp
14188,100 2210,100-2210-apex-group-box.webp|100-2210-apex-laidown.webp|100-2210-apex-pair.webp|100-2210-profile-group.webp|100-2210-profile-pair.webp
14190,100 4000,100-4000--4010--apex-group.webp|100-4000--4010--apex-laidown.webp|100-4000--4010--apex-pair.webp|100-4000--4010--apex-side.webp|100-4000--4010--profile-group.webp|100-4000--4010--profile-pair.webp
14191,100 4010,100-4000--4010--apex-group.webp|100-4000--4010--apex-laidown.webp|100-4000--4010--apex-pair.webp|100-4000--4010--apex-side.webp|100-4000--4010--profile-group.webp|100-4000--4010--profile-pair.webp
14130,100 4020,100-4020-apex-group.webp|100-4020-apex-laidown.webp|100-4020-apex-pair.webp|100-4020-apex-side.webp
14192,100 4030,100-4030-apex-group-box.webp|100-4030-apex-laidown.webp|100-4030-apex-side.webp|100-4030-profile-group.webp|100-4030-profile-pair.webp
14193,100 8200,100-8200-apex-group.webp|100-8200-apex-laidown.webp|100-8200-apex-pair.webp|100-8200-profile-group.webp|100-8200-profile-pair.webp
14186,100 9200,100-9200-profile-pair.jpg|100-9200-apex-group.webp|100-9200-apex-laidown.webp|100-9200-apex-pair.webp|100-9200-apex-side.webp
14187,100 9300,100-9300-profile-group.webp|100-9300-profile-pair.webp
14240,150 7250,150-7250-apex-group.webp|150-7250-apex-laidown.webp|150-7250-apex-pair.webp|150-7250-apex-side.webp|150-7250-profile-group.webp|150-7250-profile-pair.webp
14239,150 7260,150-7260-profile-group.jpg|150-7260-apex-group.webp|150-7260-apex-laidown.webp|150-7260-apex-pair.webp|150-7260-apex-side.webp|150-7260-profile-pair.webp
14127,160 4080,160-4080-profile-pair.jpg|160-4080-apex-group.webp|160-4080-apex-laidown.webp|160-4080-apex-pair.webp|160-4080-apex-side.webp|160-4080-profile-group.webp|160-4080-profile-pair.webp
14128,160 5000,160-5000-apex-group.webp|160-5000-apex-pair.webp|160-5000-apex-side.webp|160-5000-profile-group.webp|160-5000-profile-pair.webp
14279,170 1000,170-1000-apex-group.webp|170-1000-apex-laidown.webp|170-1000-apex-pair.webp|170-1000-apex-side.webp|170-1000-profile-group.webp|170-1000-profile-pair.webp
14280,170 1040,170-1040-profile-group.webp|170-1040-apex-pair.jpg|170-1040-apex-side.jpg|170-1040-profile-group.jpg|170-1040-profile-pair.jpg|170-1040-apex-group.webp
14282,170 2220,170-2200-2220-apex-group.jpg|170-2200-2220-apex-laidown.jpg|170-2200-2220-apex-pair.jpg|170-2200-2220-profile-group.jpg|170-2200-2220-profile-pair.jpg
14281,170 2200,170-2200-2220-apex-group.jpg|170-2200-2220-apex-laidown.jpg|170-2200-2220-apex-pair.jpg|170-2200-2220-profile-group.jpg|170-2200-2220-profile-pair.jpg|170-2200-2220-apex-side.webp
14287,170 5000,170-5000-apex-group.jpg|170-5000-apex-laidown.jpg|170-5000-apex-pair.jpg|170-5000-profile-group.jpg|170-5000-profile-pair.jpg
14288,170 5010,170-5010-apex-group-box.jpg|170-5010-apex-laidown.jpg|170-5010-apex-side.jpg|170-5010-profile-group.jpg|170-5010-profile-pair.jpg
14290,170 5055,170-5055-profile-group.jpg|170-5055-profile-pair.jpg|170-5055-apex-pair.jpg|170-5055-apex-group.jpg|170-5055-apex-laidown.jpg
14291,170 5200,170-5200-apex-group.jpg|170-5200-apex-laidown.jpg|170-5200-apex-pair.jpg|170-5200-apex-side.jpg|170-5200-profile-group.jpg|170-5200-profile-pair.jpg
14284,170 8010,170-8000-8010-apex-group.jpg|170-8000-8010-apex-laidown.jpg|170-8000-8010-apex-pair.jpg|170-8000-8010-apex-side.jpg|170-8000-8010-profile-group.jpg|170-8000-8010-profile-pair.jpg
14285,170 8000,170-8000-8010-apex-group.jpg|170-8000-8010-apex-laidown.jpg|170-8000-8010-apex-pair.jpg|170-8000-8010-apex-side.jpg|170-8000-8010-profile-group.jpg|170-8000-8010-profile-pair.jpg
14286,170 8200,170-8200-apex-group.jpg|170-8200-apex-laidown.jpg|170-8200-apex-pair.jpg|170-8200-apex-side.jpg|170-8200-profile-group.jpg|170-8200-profile-pair.jpg
14185,175 3000,175-3000-profile-pair.jpg|175-3000-apex-group.jpg|175-3000-apex-laidown.jpg|175-3000-apex-pair.jpg|175-3000-apex-side.jpg|175-3000-profile-group.jpg
14184,175 3200,175-3200-apex-group.jpg|175-3200-apex-pair.jpg|175-3200-apex-side.jpg|175-3200-apex.jpg|175-3200-profile-group.jpg
14172,180 1000,180-1000-apex-group.jpg|180-1000-apex-laidown.jpg|180-1000-apex-pair.jpg|180-1000-apex-side.jpg|180-1000-profile-group.jpg|180-1000-profile-pair.jpg
14170,180 2200,180-2200-apex-group.jpg|180-2200-apex-laidown.jpg|180-2200-apex-pair.jpg|180-2200-apex-side.jpg|180-2200-profile-group.jpg|180-2200-profile-pair.jpg
14173,180 3000,180-3000-apex-group.jpg|180-3000-apex-laidown.jpg|180-3000-apex-pair.jpg|180-3000-apex-side.jpg|180-3000-profile-group.jpg|180-3000-profile-pair.jpg
14174,180 3030,180-3030-30301-apex-pair.jpg|180-3030-30301-apex.jpg|180-3030-profile-group.jpg|180-3030-profile-pair.jpg|180-3030-30301-apex-group.jpg|180-3030-30301-apex-laidown.jpg
14175,180 4000,180-4000-4010-apex-group.jpg|180-4000-4010-apex-laidown.jpg|180-4000-4010-apex-pair.jpg|180-4000-4010-profile-group.jpg|180-4000-4010-profile-pair.jpg
14177,180 4010,180-4000-4010-apex-group.jpg|180-4000-4010-apex-laidown.jpg|180-4000-4010-apex-pair.jpg|180-4000-4010-profile-group.jpg|180-4000-4010-profile-pair.jpg
14176,180 4200,180-4200-apex-pair.webp|180-4200-apex-group.jpg|180-4200-apex-laidown.jpg|180-4200-apex-side.jpg|180-4200-profile-group.jpg|180-4200-profile-pair.jpg
14178,180 4220,180-4220-apex-group.jpg|180-4220-apex-laidown.jpg|180-4220-apex-pair.jpg|180-4220-apex-side.jpg|180-4220-profile-group.jpg|180-4220-profile-pair.jpg
14181,180 6500,180-6500-apex-group.jpg|180-6500-apex-laidown.jpg|180-6500-apex-pair.jpg|180-6500-apex-side.jpg|180-6500-profile-group.jpg|180-6500-profile-pair.jpg
14180,180 8000,180-8000-apex-side.webp|180-8000-profile-group.webp|180-8000-apex-group.jpg|180-8000-apex-laidown.jpg|180-8000-apex-pair.jpg|180-8000-profile-pair.jpg
14365,250 2000,250-2000-2010-apex-group.webp|250-2000-2010-apex-laidown.webp|250-2000-2010-apex-pair.webp|250-2000-2010-profile-group.webp|250-2000-2010-profile-pair.webp|250-2000-2010-apex-side.jpg
14367,250 4200,250-4200-4210-apex-group.webp|250-4200-4210-apex-laidown.webp|250-4200--4210--apex-pair.webp|250-4200--4210--apex-side.webp|250-4200-4210-profile-group.webp|250-4200-4210-profile-pair.webp
14368,250 4210,250-4200-4210-apex-group.webp|250-4200-4210-apex-laidown.webp|250-4200--4210--apex-pair.webp|250-4200--4210--apex-side.webp|250-4200-4210-profile-group.webp|250-4200-4210-profile-pair.webp
14370,250 4230,250-4230-4240-apex-group.webp|250-4230-4240-apex-laidown.webp|250-4230--4240--apex-pair.webp|250-4230-4240-apex-side.webp|250-4230-4240-profile-group.webp|250-4230-4240-profile-pair.webp
14371,250 4240,250-4230-4240-apex-group.webp|250-4230-4240-apex-laidown.webp|250-4230--4240--apex-pair.webp|250-4230-4240-apex-side.webp|250-4230-4240-profile-group.webp|250-4230-4240-profile-pair.webp
14366,250 5000,250-5000-apex-group.webp|250-5000-apex-laidown.webp|250-5000-apex-pair.webp|250-5000-apex-side.webp|250-5000-profile-group.webp|250-5000-profile-pair.webp
14369,250 6000,250-6000-apex-side.webp|250-6000-profile-group.webp|250-6000-profile-pair.webp|250-6000-apex-group.webp|250-6000-apex-laidown.webp|250-6000-apex-pair.webp
15653,26-1019,26-1019.webp
16055,26-1087,26-1087.webp
15057,26-1089,26-1089.webp
16405,26-1129SPORT,26-1129sport.webp
15650,26-1157,26-1157.webp
15595,26-1198SPORT,26-1198sport.webp
15972,26-1209SPORT,26-1209sport.webp
15803,26-1248SPORT,26-1248sport.webp
15178,26-1294SPORT,26-1294sport.webp
16046,26-1299SPORT,26-1299sport.webp
14993,26-1481SPORT,26-1481sport.webp
15623,26-1575SPORT,26-1575sport.webp
15624,26-1576SPORT,26-1576sport.webp
14997,26-1653SPORT,26-1653sport.webp
14205,260 2080,260-2080-apex-group.webp|260-2080-apex-laidown.webp|260-2080-apex-pair.webp|260-2080-apex-side.webp|260-2080-profile-group.webp|260-2080-profile-pair.webp
14206,260 2200,260-2200-apex-group.webp|260-2200-apex-laidown.webp|260-2200-apex-pair.webp|260-2200-apex-side.webp|260-2200-profile-group.webp|260-2200-profile-pair.webp
14204,260 2410,260-2410-apex-group.webp|260-2410-apex-laidown.webp|260-2410-apex-pair.webp|260-2410-apex-side.webp|260-2410-profile-group.webp|260-2410-profile-pair.webp
15654,30-1020,30-1020.webp
16056,30-1088,30-1088.webp
15058,30-1090,30-1090.webp
14923,30-1265SPORT,30-1265sport.webp
15473,30-1311,30-1311.webp
15487,30-1311SP1,30-1311sp1.webp
15474,30-1312,30-1312.webp
15924,30-1314SPORT,30-1314sport.webp
15781,30-1318,30-1318.webp
15462,30-1324,30-1324.webp
15463,30-1325,30-1325.webp
15401,30-1326,30-1326.webp
15814,30-1342,30-1342.webp
15813,30-1343,30-1343.webp
15432,30-1348,30-1348.webp
15243,30-1365,30-1365.webp
15244,30-1372,30-1372.webp
15827,30-1379,30-1379.webp
15829,30-1380,30-1380.webp
16194,30-1417,30-1417.webp
16195,30-1418,30-1418.webp
15775,30-1456,30-1456.webp
15789,30-1457,30-1457.webp
15782,30-1459,30-1459.webp
16395,30-1479SPORT,30-1479sport.webp
15893,30-1500,30-1500.webp
15398,30-1565,30-1565.webp
15399,30-1566,30-1566.webp
15246,30-1588,30-1588.webp
16272,30-1599SPORT,30-1599sport.webp
14457,30-1608SPORT,30-1608sport.webp
15489,30-1615,30-1615.webp
15433,30-1630,30-1630.webp
14961,30-1703,30-1703.webp
14962,30-1704,30-1704.webp
15778,30-1705,30-1705.webp
14953,3013-1023SPORT,3013-1023sport.webp
14954,3013-1024SPORT,3013-1024sport.webp
14183,310 5000,310-5000-apex-group.webp|310-5000-apex-laidown.webp|310-5000-apex-pair.webp|310-5000-apex-side.webp|310-5000-profile-group.webp|310-5000-profile-pair.webp
14270,320 1000,320-1000--1200--apex-group.webp|320-1000--1200--apex-laidown.webp|320-1000--1200--apex-pair.webp|320-1000--1200--apex-side.webp|320-1000-profile-group.webp|320-1000-profile-pair.webp
14271,320 1200,320-1000--1200--apex-group.webp|320-1000--1200--apex-laidown.webp|320-1000--1200--apex-pair.webp|320-1000--1200--apex-side.webp|320-1000-profile-group.webp|320-1000-profile-pair.webp
14242,350 2000,350-2000-apex-group.webp|350-2000-apex-laidown.webp|350-2000-apex-pair.webp|350-2000-apex-side.webp|350-2000-profile-group.webp|350-2000-profile-pair.webp
14214,60 6200,60-6200--6210--apex-laidown.webp|60-6200--6210--apex-pair.webp|60-6200--6210--apex-side.webp|60-6200--6210--apex-group.webp|60-6200--6210--profile-pair.webp|60-6200--6210--profile-group.webp
14215,60 6210,60-6200--6210--apex-laidown.webp|60-6200--6210--apex-pair.webp|60-6200--6210--apex-side.webp|60-6200--6210--apex-group.webp|60-6200--6210--profile-pair.webp|60-6200--6210--profile-group.webp
15943,76-1099,76-1099.webp
15060,80-1005,80-1005.webp
15941,80-1011,80-1011.webp
15940,80-1013,80-1013.webp
15797,80-1021,80-1021.webp
14442,80-1039,80-1039.webp
15944,80-1044SP20,80-1044sp20.webp
15588,80-1092,80-1092.webp
15589,80-1104,80-1104.webp
15427,80-1105,80-1105.webp
15945,80-1191SP20,80-1191sp20.webp
14443,80-1193,80-1193.webp
15730,80-1244SP1,80-1244sp1.webp
15118,80-1307,80-1307.webp
15117,80-1308,80-1308.webp
16407,80-1319,80-1319.webp
16408,80-1320,80-1320.webp
16314,80-1349,80-1349.webp
16315,80-1350,80-1350.webp
16326,80-1350SPORT,80-1350sport.webp
16298,80-1388,80-1388.webp
16299,80-1389,80-1389.webp
15669,80-1415,80-1415.webp
15670,80-1416,80-1416.webp
15420,80-1491SPA1,80-1491spa1.webp
15468,80-1500,80-1500.webp
15469,80-1501,80-1501.webp
15061,80-1538,80-1538.webp
14448,80-1551,80-1551.webp
14445,80-1551SPORT,80-1551sport.webp
15798,80-1573,80-1573.webp
15899,80-1580,80-1580.webp
15896,80-1580SPORT,80-1580sport.webp
14693,80-1675,80-1675.webp
14699,80-1675SPORT,80-1675sport.webp
14696,80-1717,80-1717.webp
14470,80-1743SP3,80-1743sp3.webp
14471,80-1744SP3,80-1744sp3.webp
14449,80-1781,80-1781.webp
14446,80-1781SPORT,80-1781sport.webp
16304,80-1784,80-1784.webp
16317,80-1787,80-1787.webp
14694,80-1794,80-1794.webp
14700,80-1794SPORT,80-1794sport.webp
14697,80-1795,80-1795.webp
14703,80-1868SPORT,80-1868sport.webp
15114,80-1877SPORT,80-1877sport.webp
15115,80-1878SPORT,80-1878sport.webp
16218,80-1904,80-1904.webp
16219,80-1905,80-1905.webp
14925,80-1914,80-1914.webp
14926,80-1915,80-1915.webp
14928,80-1953,80-1953.webp
15129,80-1972,80-1972.webp
15883,80-1997,80-1997.webp
15897,80-1997SPORT,80-1997sport.webp
15961,80-2088,80-2088.webp
16384,80-2110,80-2110.webp
16319,80-2149,80-2149.webp
16323,80-2149SPORT,80-2149sport.webp
15289,80-2167,80-2167.webp
15422,80-2215,80-2215.webp
15423,80-2216,80-2216.webp
16385,80-2220,80-2220.webp
14439,80-2241SPORT,80-2241sport.webp
14440,80-2242SPORT,80-2242sport.webp
15163,80-2256SPORT,80-2256sport.webp
15903,80-2275,80-2275.webp
16369,80-2307SPORT,80-2307sport.webp
16381,80-2315SPORT,80-2315sport.webp
15052,80-2437SPORT,80-2437sport.webp
14960,80-2458,80-2458.webp
14765,80-2522SP1,80-2522sp1.webp
14762,80-2522SPORT,80-2522sport.webp
16095,80-2542SPORT,80-2542sport.webp
14422,80-2570SPORT,80-2570sport.webp
14423,80-2571SPORT,80-2571sport.webp
16097,80-2587SPORT,80-2587sport.webp
15908,80-2591SPORT,80-2591sport.webp
14484,80-2630SPORT,80-2630sport.webp
14786,80-2641SPORT,80-2641sport.webp
15729,80-2716,80-2716.webp
15800,80-2725,80-2725.webp
14516,80-2761SPORT,80-2761sport.webp
14482,80-2762SPORT,80-2762sport.webp
14683,80-2805SPORT,80-2805sport.webp
14522,80-2806SPORT,80-2806sport.webp
16103,80-2815SPORT,80-2815sport.webp
14685,80-2818SPORT,80-2818sport.webp
16287,80-2827SPORT,80-2827sport.webp
14493,80-2830SPORT,80-2830sport.webp
14547,80-2859SPORT,80-2859sport.webp
16335,80-2879,80-2879.webp
16332,80-2879SPORT,80-2879sport.webp
16123,80-2902,80-2902.webp
14267,80 4230,80-4230-apex-group.webp|80-4230-apex-laidown.webp|80-4230-apex-pair.webp|80-4230-apex-side.webp|80-4230-profile-pair.webp|80-4230-profile-group.webp
15862,8010-1032SPORT,8010-1032sport.webp
16026,8010-1048SPORT,8010-1048sport.webp
14411,8010-1050SPORT,8010-1050sport.webp
16139,8010-1053SPORT,8010-1053sport.webp
16136,8010-1055SPORT,8010-1055sport.webp
14930,8040-1017,8040-1017.webp
14931,8040-1018,8040-1018.webp
14950,8040-1019,8040-1019.webp
14951,8040-1020,8040-1020.webp
15978,8040-1035SPORT,8040-1035sport.webp
16060,8040-1057SPORT,8040-1057sport.webp
16280,8040-1063SPORT,8040-1063sport.webp
16281,8040-1064SPORT,8040-1064sport.webp
15956,8040-1083,8040-1083.webp
14911,8040-1087,8040-1087.webp
14912,8040-1088,8040-1088.webp
15806,8040-1119SPORT,8040-1119sport.webp
14900,8040-1217SPORT,8040-1217sport.webp
14634,8040-1227SPORT,8040-1227sport.webp
14803,8040-1250SPORT,8040-1250sport.webp
14799,8040-1271SPORT,8040-1271sport.webp
16415,8040-1277SPORT,8040-1277sport.webp
14597,8040-1283SPORT,8040-1283sport.webp
16119,8040-1298SPORT,8040-1298sport.webp
16149,8040-1300,8040-1300.webp
16150,8040-1301,8040-1301.webp
16064,8040-1342SPORT,8040-1342sport.webp
14807,8040-1343SPORT,8040-1343sport.webp
15233,8040-1351SPORT,8040-1351sport.webp
16076,8040-1352SPORT,8040-1352sport.webp
15175,8040-1353SPORT,8040-1353sport.webp
15514,8040-1354SPORT,8040-1354sport.webp
14534,8040-1371SPORT,8040-1371sport.webp
14612,8040-1390SPORT,8040-1390sport.webp
14662,8040-1395SPORT,8040-1395sport.webp
14615,8040-1402SPORT,8040-1402sport.webp
16121,8040-1404,8040-1404.webp
15382,8040-1411SPORT,8040-1411sport.webp
15618,8040-1412SPORT,8040-1412sport.webp
15223,8040-1419SPORT,8040-1419sport.webp
15603,8040-1421SPORT,8040-1421sport.webp
15529,8040-1422SPORT,8040-1422sport.webp
15536,8040-1423SPORT,8040-1423sport.webp
15913,8041-1095SPORT,8041-1095sport.webp
16371,8041-1101SPORT,8041-1101sport.webp
16362,8041-1108SPORT,8041-1108sport.webp
15805,8041-1118SPORT,8041-1118sport.webp
14405,8041-1152SPORT,8041-1152sport.webp
14406,8041-1153SPORT,8041-1153sport.webp
15359,8041-1155SPORT,8041-1155sport.webp
14408,8041-1164SPORT,8041-1164sport.webp
15313,8041-1166SP4,8041-1166sp4.webp
16058,8041-1191SPORT,8041-1191sport.webp
15938,8041-1194SPORT,8041-1194sport.webp
15561,8041-1203SPORT,8041-1203sport.webp
15562,8041-1204SPORT,8041-1204sport.webp
15324,8041-1213SPORT,8041-1213sport.webp
14986,8041-1228SPORT,8041-1228sport.webp
14987,8041-1229SPORT,8041-1229sport.webp
15360,8041-1232SPORT,8041-1232sport.webp
14431,8041-1239SPORT,8041-1239sport.webp
15570,8041-1251SPORT,8041-1251sport.webp
15571,8041-1252SPORT,8041-1252sport.webp
14399,8041-1257SPORT,8041-1257sport.webp
14400,8041-1258SPORT,8041-1258sport.webp
15758,8041-1293SPORT,8041-1293sport.webp
15641,8041-1307SPORT,8041-1307sport.webp
15642,8041-1308SPORT,8041-1308sport.webp
15626,8041-1315SPORT,8041-1315sport.webp
15627,8041-1316SPORT,8041-1316sport.webp
15652,8041-1317SPORT,8041-1317sport.webp
15659,8041-1318SPORT,8041-1318sport.webp
15633,8041-1319SPORT,8041-1319sport.webp
14413,8041-1322LSPORT,8041-1322lsport.webp
14414,8041-1322RSPORT,8041-1322rsport.webp
14415,8041-1329SPORT,8041-1329sport.webp
15327,8041-1360SPORT,8041-1360sport.webp
16037,8041-1389SPORT,8041-1389sport.webp
14417,8041-1406LSPORT,8041-1406lsport.webp
14418,8041-1406RSPORT,8041-1406rsport.webp
14419,8041-1407SPORT,8041-1407sport.webp
16071,8041-1416SPORT,8041-1416sport.webp
14425,8045-1021,8045-1021.webp
15227,8045-1068,8045-1068.webp
14487,8045-1070,8045-1070.webp
14510,8045-1083,8045-1083.webp
14537,8045-1084,8045-1084.webp
16074,8045-1085,8045-1085.webp
15167,8045-1096,8045-1096.webp
15508,8045-1097,8045-1097.webp
15916,8045-1160,8045-1160.webp
14600,8045-1222,8045-1222.webp
14531,8045-1226,8045-1226.webp
14659,8045-1228,8045-1228.webp
15761,8045-1232,8045-1232.webp
14591,8045-1246,8045-1246.webp
14393,8045-1248,8045-1248.webp
14464,8045-1249,8045-1249.webp
14603,8045-1265,8045-1265.webp
15612,8045-1296,8045-1296.webp
15840,8045-1335,8045-1335.webp
15521,8045-1337,8045-1337.webp
15545,8045-1347,8045-1347.webp
15639,8045-1378,8045-1378.webp
15605,8045-1379,8045-1379.webp
15606,8045-1380,8045-1380.webp
14513,8050-1001,8050-1001.webp
16083,8050-1003,8050-1003.webp
14490,8050-1005,8050-1005.webp
14542,8050-1006,8050-1006.webp
16090,8050-1007,8050-1007.webp
16092,8050-1008,8050-1008.webp
14631,8050-1009,8050-1009.webp
16367,8050-1010,8050-1010.webp
14402,8050-1011,8050-1011.webp
14403,8050-1012,8050-1012.webp
15322,8050-1016,8050-1016.webp
16101,8050-1017,8050-1017.webp
14428,8050-1019,8050-1019.webp
14990,8050-1020,8050-1020.webp
15920,8050-1022,8050-1022.webp
15928,8050-1023,8050-1023.webp
15337,8050-1025,8050-1025.webp
15885,8050-1027,8050-1027.webp
15045,8050-1030,8050-1030.webp
15280,8050-1033,8050-1033.webp
15302,8050-1035L,8050-1035L.webp
15303,8050-1035R,8050-1035R.webp
15306,8050-1036,8050-1036.webp
15307,8050-1037,8050-1037.webp
16024,8050-1040,8050-1040.webp
15558,8050-1041,8050-1041.webp
15559,8050-1042,8050-1042.webp
15567,8050-1043,8050-1043.webp
15568,8050-1044,8050-1044.webp
15866,8050-1048,8050-1048.webp
14981,8050-1049,8050-1049.webp
15283,8050-1050,8050-1050.webp
14795,8050-1051,8050-1051.webp
16284,8050-1053,8050-1053.webp
15887,8050-1054,8050-1054.webp
14594,8050-1055,8050-1055.webp
16040,8050-1057,8050-1057.webp
15309,8050-1059L,8050-1059L.webp
15310,8050-1059R,8050-1059R.webp
15592,8050-1060,8050-1060.webp
15031,8050-1063,8050-1063.webp
15620,8050-1064,8050-1064.webp
15621,8050-1065,8050-1065.webp
15651,8050-1066,8050-1066.webp
15657,8050-1067,8050-1067.webp
14456,8050-1068,8050-1068.webp
14476,8050-1071,8050-1071.webp
14479,8050-1077,8050-1077.webp
16402,8050-1080,8050-1080.webp
15868,8050-1084,8050-1084.webp
14520,8050-1086,8050-1086.webp
15147,8050-1098,8050-1098.webp
16413,8050-1099,8050-1099.webp
15768,8050-1100,8050-1100.webp
15215,8050-1103,8050-1103.webp
15128,8050-1104,8050-1104.webp
15142,8050-1106,8050-1106.webp
15510,8050-1107,8050-1107.webp
15229,8050-1108,8050-1108.webp
15171,8050-1109,8050-1109.webp
15139,8050-1111,8050-1111.webp
14468,8050-1113,8050-1113.webp
15496,8050-1115,8050-1115.webp
15497,8050-1116,8050-1116.webp
15378,8050-1119,8050-1119.webp
15379,8050-1120,8050-1120.webp
15630,8050-1122,8050-1122.webp
15816,8050-1123,8050-1123.webp
15846,8050-1125,8050-1125.webp
14681,8050-1128,8050-1128.webp
15219,8050-1130,8050-1130.webp
14947,8050-1136,8050-1136.webp
14948,8050-1137,8050-1137.webp
14768,8050-1138,8050-1138.webp
16030,8050-1139,8050-1139.webp
15531,8050-1140,8050-1140.webp
14606,8050-1141,8050-1141.webp
15615,8050-1143,8050-1143.webp
15599,8050-1145,8050-1145.webp
15054,82-1019,82-1019.webp
15425,82-1027,82-1027.webp
15055,82-1044,82-1044.webp
15417,82-1081,82-1081.webp
15428,82-1107,82-1107.webp
15466,82-1156,82-1156.webp
15419,82-1232,82-1232.webp
15062,82-1255,82-1255.webp
15276,82-1388SP3,82-1388sp3.webp
15277,82-1389,82-1389.webp
15161,82-1518,82-1518.webp
15082,82-1579SP2,82-1579sp2.webp
15083,82-1603SP2,82-1603sp2.webp
15857,82-1668SPD1,82-1668spd1.webp
15848,82-1739SPORT,82-1739sport.webp
15901,82-1740SPORT,82-1740sport.webp
15965,82-1756,82-1756.webp
15849,82-1801SPORT,82-1801sport.webp
15100,82-1825SP2,82-1825sp2.webp
15089,82-1831SP1,82-1831sp1.webp
15101,82-1833SP6,82-1833sp6.webp
15854,82-1886SPORT,82-1886sport.webp
15951,82-1962,82-1962.webp
15088,82-1982SP6,82-1982sp6.webp
15091,82-1983SP6,82-1983sp6.webp
15102,82-1984SP6,82-1984sp6.webp
15856,82-2085SPORT,82-2085sport.webp
16387,82-2100,82-2100.webp
16388,82-2101,82-2101.webp
15776,82-2138,82-2138.webp
16226,82-2205,82-2205.webp
16228,82-2296,82-2296.webp
16224,82-2297,82-2297.webp
16230,82-2312,82-2312.webp
15831,82-2347,82-2347.webp
16236,82-2347SP1,82-2347sp1.webp
15832,82-2348,82-2348.webp
16233,82-2348SP1,82-2348sp1.webp
15402,82-2369,82-2369.webp
15403,82-2370,82-2370.webp
16235,82-2375,82-2375.webp
16391,82-2380,82-2380.webp
16215,82-2385,82-2385.webp
16216,82-2386,82-2386.webp
15673,82-2434,82-2434.webp
15676,82-2440,82-2440.webp
14638,82-2465SPORT,82-2465sport.webp
15407,82-2486,82-2486.webp
14633,82-2488SPORT,82-2488sport.webp
15791,82-2505,82-2505.webp
15792,82-2506,82-2506.webp
15405,82-2509,82-2509.webp
16187,82-2522,82-2522.webp
16188,82-2523,82-2523.webp
16343,82-2542,82-2542.webp
15719,82-2545,82-2545.webp
16197,82-2560SP1,82-2560sp1.webp
16198,82-2561SP1,82-2561sp1.webp
15821,82-2570,82-2570.webp
15824,82-2571,82-2571.webp
15822,82-2572SP1,82-2572sp1.webp
15685,82-2585,82-2585.webp
15688,82-2588,82-2588.webp
15387,82-2591,82-2591.webp
15388,82-2592,82-2592.webp
16311,82-2595,82-2595.webp
16312,82-2596,82-2596.webp
15180,82-2603SP1,82-2603sp1.webp
15290,82-2604,82-2604.webp
15393,82-2607SP1,82-2607sp1.webp
15394,82-2608,82-2608.webp
15721,82-2631,82-2631.webp
16203,82-2632,82-2632.webp
16204,82-2633,82-2633.webp
15817,82-2634,82-2634.webp
16153,82-2647,82-2647.webp
16221,82-5020,82-5020.webp
15019,8205-1006,8205-1006.webp
15021,8205-1008,8205-1008.webp
16338,8205-1009,8205-1009.webp
15879,8210-1158SPORT,8210-1158sport.webp
15948,8210-1159SPORT,8210-1159sport.webp
14833,8240-1076SPORT,8240-1076sport.webp
15975,8240-1085,8240-1085.webp
15976,8240-1086,8240-1086.webp
14782,8240-1115SPORT,8240-1115sport.webp
15126,8240-1149SPORT,8240-1149sport.webp
14844,8240-1156SPORT,8240-1156sport.webp
15441,8240-1176SPX,8240-1176spx.webp
15442,8240-1177SPX,8240-1177spx.webp
15490,8240-1178SPX,8240-1178spx.webp
15491,8240-1179SPX,8240-1179spx.webp
15476,8240-1181SPX,8240-1181spx.webp
15484,8240-1182SPX,8240-1182spx.webp
16209,8240-1183SPX,8240-1183spx.webp
16210,8240-1184SPX,8240-1184spx.webp
14596,8240-1185SPORT,8240-1185sport.webp
15477,8240-1190SPX,8240-1190spx.webp
15661,8240-1195SPX,8240-1195spx.webp
15662,8240-1197SPX,8240-1197spx.webp
15429,8240-1201SPX,8240-1201spx.webp
15430,8240-1202SPX,8240-1202spx.webp
14876,8240-1203SPORT,8240-1203sport.webp
16115,8240-1204SPORT,8240-1204sport.webp
14905,8240-1208SPORT,8240-1208sport.webp
14852,8240-1219SPORT,8240-1219sport.webp
15582,8240-1227SPORT,8240-1227sport.webp
14643,8240-1229SPORT,8240-1229sport.webp
14644,8240-1230SPORT,8240-1230sport.webp
14715,8240-1231SPORT,8240-1231sport.webp
14678,8240-1235SPORT,8240-1235sport.webp
14813,8240-1236SPORT,8240-1236sport.webp
14435,8240-1239SPORT,8240-1239sport.webp
14611,8240-1261SPORT,8240-1261sport.webp
15444,8240-1262,8240-1262.webp
15445,8240-1263,8240-1263.webp
15438,8240-1264,8240-1264.webp
15439,8240-1265,8240-1265.webp
15255,8240-1268SPORT,8240-1268sport.webp
15780,8240-1270,8240-1270.webp
15785,8240-1271SP1,8240-1271sp1.webp
14614,8240-1279SPORT,8240-1279sport.webp
15584,8240-1280SPORT,8240-1280sport.webp
16114,8240-1281,8240-1281.webp
14727,8240-1294SPORT,8240-1294sport.webp
14574,8240-1296SPORT,8240-1296sport.webp
14576,8240-1297SPORT,8240-1297sport.webp
14730,8240-1298SPORT,8240-1298sport.webp
15455,8240-1300SPORT,8240-1300sport.webp
14880,8240-1304SPORT,8240-1304sport.webp
14561,8240-1306SPORT,8240-1306sport.webp
14668,8240-1311SPORT,8240-1311sport.webp
15132,8240-1316,8240-1316.webp
15133,8240-1318,8240-1318.webp
15969,8241-1050SPORT,8241-1050sport.webp
14936,8241-1139SPORT,8241-1139sport.webp
14937,8241-1140SPORT,8241-1140sport.webp
15808,8241-1216LSPORT,8241-1216lsport.webp
15809,8241-1216RSPORT,8241-1216rsport.webp
15810,8241-1217SPORT,8241-1217sport.webp
15581,8241-1226SPORT,8241-1226sport.webp
14434,8241-1238SPORT,8241-1238sport.webp
15261,8241-1240SPORT,8241-1240sport.webp
15578,8241-1243SPORT,8241-1243sport.webp
15579,8241-1244SPORT,8241-1244sport.webp
15747,8241-1252LSPORT,8241-1252lsport.webp
15748,8241-1252RSPORT,8241-1252rsport.webp
15988,8241-1272SPORT,8241-1272sport.webp
15998,8241-1274SPORT,8241-1274sport.webp
14860,8241-1289LSPORT,8241-1289lsport.webp
14861,8241-1289RSPORT,8241-1289rsport.webp
14862,8241-1290SPORT,8241-1290sport.webp
15271,8241-1293SPORT,8241-1293sport.webp
14388,8241-1304SPORT,8241-1304sport.webp
14389,8241-1305SPORT,8241-1305SPORT.webp
14849,8245-1004,8245-1004.webp
14590,8245-1008,8245-1008.webp
14916,8245-1011,8245-1011.webp
14707,8245-1015,8245-1015.webp
16399,8245-1017,8245-1017.webp
14801,8245-1023,8245-1023.webp
14791,8245-1024,8245-1024.webp
14518,8245-1032,8245-1032.webp
14854,8245-1041,8245-1041.webp
14836,8245-1054,8245-1054.webp
14846,8245-1056,8245-1056.webp
14809,8245-1094,8245-1094.webp
16159,8245-1175,8245-1175.webp
16274,8245-1177,8245-1177.webp
15459,8245-1178,8245-1178.webp
15738,8245-1190L,8245-1190l.webp
15739,8245-1190R,8245-1190r.webp
15457,8245-1195L,8245-1195l.webp
15458,8245-1195R,8245-1195r.webp
14599,8245-1221,8245-1221.webp
15435,8245-1223,8245-1223.webp
15436,8245-1224,8245-1224.webp
15986,8245-1251,8245-1251.webp
15992,8245-1253L,8245-1253L.webp
15995,8245-1255,8245-1255.webp
15252,8245-1256,8245-1256.webp
14602,8245-1264,8245-1264.webp
14646,8245-1294,8245-1294.webp
14856,8245-1302L,8245-1302l.webp
14857,8245-1302R,8245-1302r.webp
14858,8245-1303,8245-1303.webp
16428,8245-1308,8245-1308.webp
14884,8245-1310,8245-1310.webp
14718,8245-1319,8245-1319.webp
14864,8245-1320,8245-1320.webp
16270,8245-1322,8245-1322.webp
14565,8245-1326,8245-1326.webp
14567,8245-1327,8245-1327.webp
14891,8245-1343L,8245-1343l.webp
14892,8245-1343R,8245-1343r.webp
14721,8245-1357,8245-1357.webp
15376,8245-1359,8245-1359.webp
14909,8245-1371,8245-1371.webp
15752,8245-1376,8245-1376.webp
16433,8245-1377,8245-1377.webp
15372,8245-1379,8245-1379.webp
14749,8245-1380,8245-1380.webp
14888,8245-1381,8245-1381.webp
16436,8245-1383,8245-1383.webp
14551,8245-1384,8245-1384.webp
14664,8245-1387,8245-1387.webp
14648,8245-1415,8245-1415.webp
14649,8245-1416,8245-1416.webp
14589,8250-1001,8250-1001.webp
14778,8250-1002,8250-1002.webp
15009,8250-1003,8250-1003.webp
14636,8250-1004,8250-1004.webp
14933,8250-1005,8250-1005.webp
14934,8250-1006,8250-1006.webp
14980,8250-1007,8250-1007.webp
15258,8250-1008,8250-1008.webp
14593,8250-1011,8250-1011.webp
15852,8250-1013,8250-1013.webp
15851,8250-1014,8250-1014.webp
15120,8250-1018,8250-1018.webp
15934,8250-1020,8250-1020.webp
14839,8250-1021,8250-1021.webp
14640,8250-1022,8250-1022.webp
14641,8250-1023,8250-1023.webp
14711,8250-1024,8250-1024.webp
15872,8250-1025,8250-1025.webp
14811,8250-1026,8250-1026.webp
14941,8250-1029,8250-1029.webp
15273,8250-1030,8250-1030.webp
15274,8250-1031,8250-1031.webp
15268,8250-1039,8250-1039.webp
15250,8250-1043,8250-1043.webp
14571,8250-1044,8250-1044.webp
14724,8250-1045,8250-1045.webp
14605,8250-1047,8250-1047.webp
14608,8250-1048,8250-1048.webp
14556,8250-1050,8250-1050.webp
14666,8250-1051,8250-1051.webp
14453,8250-1052L,8250-1052L.webp
14454,8250-1052R,8250-1052R.webp
15955,86-1308,86-1308.webp
15958,86-1394,86-1394.webp
14702,86-1519SPORT,86-1519sport.webp
15960,86-1638,86-1638.webp
15963,86-1647,86-1647.webp
16321,86-1741,86-1741.webp
15162,86-1835SPORT,86-1835sport.webp
16330,86-1919,86-1919.webp
16325,86-1919SPORT,86-1919sport.webp
15950,86-1942,86-1942.webp
15953,86-1943,86-1943.webp
15974,86-1980,86-1980.webp
15051,86-1991SPORT,86-1991sport.webp
14474,86-2066SPORT,86-2066sport.webp
14670,86-2086SPD2,86-2086spd2.webp
14651,86-2086SPORT,86-2086sport.webp
14691,86-2087SPORT,86-2087sport.webp
14481,86-2149SPORT,86-2149sport.webp
14761,86-2277SPORT,86-2277sport.webp
14653,86-2433SPORT,86-2433sport.webp
14421,86-2448SPORT,86-2448sport.webp
14992,86-2568SPORT,86-2568sport.webp
16155,86-2588SPORT,86-2588sport.webp
14475,8610-1262SPORT,8610-1262sport.webp
15878,8610-1263SPORT,8610-1263sport.webp
15861,8610-1283SPORT,8610-1283sport.webp
15907,8610-1315SPORT,8610-1315sport.webp
16127,8610-1351SPORT,8610-1351sport.webp
16128,8610-1352SPORT,8610-1352sport.webp
16130,8610-1408SPORT,8610-1408sport.webp
15812,8610-1409SPORT,8610-1409sport.webp
14410,8610-1415SPORT,8610-1415sport.webp
16132,8610-1440SPORT,8610-1440sport.webp
16138,8610-1447SPORT,8610-1447sport.webp
14770,8641-1021SPORT,8641-1021sport.webp
14772,8641-1029SPORT,8641-1029sport.webp
15971,8641-1038SPORT,8641-1038sport.webp
15947,8641-1039SPORT,8641-1039sport.webp
16328,8641-1048SPORT,8641-1048sport.webp
15802,8641-1060SPORT,8641-1060sport.webp
16309,8641-1068SPORT,8641-1068sport.webp
16257,8641-1071SPORT,8641-1071sport.webp
16258,8641-1072SPORT,8641-1072sport.webp
15968,8641-1077SPORT,8641-1077sport.webp
16059,8641-1114SPORT,8641-1114sport.webp
16260,8641-1142SPORT,8641-1142sport.webp
14774,8641-1144SPORT,8641-1144sport.webp
16373,8641-1198SPORT,8641-1198sport.webp
14764,8641-1210SPORT,8641-1210sport.webp
16262,8641-1220SPORT,8641-1220sport.webp
16263,8641-1221SPORT,8641-1221sport.webp
14832,8641-1224SPORT,8641-1224sport.webp
16404,8641-1245SPORT,8641-1245sport.webp
16396,8641-1246SPORT,8641-1246sport.webp
15937,8641-1297SPORT,8641-1297sport.webp
15125,8641-1320SPORT,8641-1320sport.webp
14872,8641-1342SPORT,8641-1342sport.webp
16062,8641-1389SPORT,8641-1389sport.webp
16414,8641-1410SPORT,8641-1410sport.webp
15980,8641-1414SPORT,8641-1414sport.webp
16265,8641-1420SPORT,8641-1420sport.webp
16266,8641-1422SPORT,8641-1422sport.webp
15326,8641-1497SPORT,8641-1497sport.webp
15346,8641-1498SPORT,8641-1498sport.webp
15461,8641-1550,8641-1550.webp
15381,8641-1553SPORT,8641-1553sport.webp
16158,8645-1174,8645-1174.webp
16273,8645-1176,8645-1176.webp
14989,8650-1003,8650-1003.webp
15859,8650-1004,8650-1004.webp
16324,8650-1005,8650-1005.webp
15044,8650-1006,8650-1006.webp
14478,8650-1007,8650-1007.webp
14473,8650-1010,8650-1010.webp
14767,8650-1016,8650-1016.webp
16156,87-2429SPORT,87-2429sport.webp
15672,87-2604,87-2604.webp
15675,87-2638,87-2638.webp
16345,87-2645,87-2645.webp
15684,87-2656,87-2656.webp
15687,87-2657,87-2657.webp
15922,87-5085LSPORT,87-5085lsport.webp
15923,87-5085RSPORT,87-5085rsport.webp
15678,8705-1330,8705-1330.webp
15681,8705-1331,8705-1331.webp
15018,8705-1332,8705-1332.webp
16337,8705-1334,8705-1334.webp
16350,8705-1336,8705-1336.webp
16352,8705-1343,8705-1343.webp
16340,8705-1392,8705-1392.webp
14515,8710-1337SPORT,8710-1337sport.webp
14995,8710-1372LSPORT,8710-1372lsport.webp
14996,8710-1372RSPORT,8710-1372rsport.webp
14674,8710-1377SPORT,8710-1377sport.webp
14528,8710-1385SPORT,8710-1385sport.webp
16032,8710-1395SPORT,8710-1395sport.webp
16286,8710-1403SPORT,8710-1403sport.webp
14507,8710-1404SPORT,8710-1404sport.webp
14533,8710-1431SPORT,8710-1431sport.webp
14546,8710-1432SPORT,8710-1432sport.webp
16134,8710-1454LSPORT,8710-1454lsport.webp
16135,8710-1454RSPORT,8710-1454rsport.webp
16009,8740-1574SPORT,8740-1574sport.webp
15040,8740-1587L,8740-1587L.webp
15041,8740-1587R,8740-1587R.webp
15042,8740-1588,8740-1588.webp
14922,8741-1030SPORT,8741-1030sport.webp
15594,8741-1092SPORT,8741-1092SPORT.webp
15177,8741-1109SPORT,8741-1109sport.webp
15295,8741-1124SPORT,8741-1124sport.webp
16047,8741-1167SPORT,8741-1167sport.webp
16094,8741-1258SPORT,8741-1258sport.webp
16082,8741-1259SPORT,8741-1259sport.webp
14780,8741-1272LSPORT,8741-1272lsport.webp
14781,8741-1272RSPORT,8741-1272rsport.webp
14898,8741-1338LSPORT,8741-1338lsport.webp
14899,8741-1338RSPORT,8741-1338rsport.webp
14843,8741-1372SPORT,8741-1372sport.webp
14797,8741-1390LSPORT,8741-1390lsport.webp
14798,8741-1390RSPORT,8741-1390rsport.webp
14460,8741-1404SPORT,8741-1404sport.webp
15632,8741-1412SPORT,8741-1412sport.webp
14874,8741-1438LSPORT,8741-1438lsport.webp
14875,8741-1438RSPORT,8741-1438rsport.webp
15763,8741-1440LSPORT,8741-1440lsport.webp
15764,8741-1440RSPORT,8741-1440rsport.webp
14903,8741-1450LSPORT,8741-1450lsport.webp
14904,8741-1450RSPORT,8741-1450rsport.webp
14432,8741-1473SPORT,8741-1473sport.webp
14851,8741-1476SPORT,8741-1476sport.webp
14805,8741-1481LSPORT,8741-1481lsport.webp
14806,8741-1481RSPORT,8741-1481rsport.webp
14713,8741-1484LSPORT,8741-1484lsport.webp
14714,8741-1484RSPORT,8741-1484rsport.webp
15512,8741-1487LSPORT,8741-1487lsport.webp
15513,8741-1487RSPORT,8741-1487rsport.webp
14661,8741-1488SPORT,8741-1488sport.webp
15173,8741-1490LSPORT,8741-1490lsport.webp
15174,8741-1490RSPORT,8741-1490rsport.webp
15260,8741-1494SPORT,8741-1494sport.webp
15745,8741-1512LSPORT,8741-1512lsport.webp
15746,8741-1512RSPORT,8741-1512rsport.webp
14676,8741-1515SPORT,8741-1515sport.webp
16036,8741-1533SPORT,8741-1533sport.webp
14818,8741-1535LSPORT,8741-1535lsport.webp
14819,8741-1535RSPORT,8741-1535rsport.webp
15253,8741-1536LSPORT,8741-1536lsport.webp
15254,8741-1536RSPORT,8741-1536rsport.webp
16420,8741-1538LSPORT,8741-1538lsport.webp
16421,8741-1538RSPORT,8741-1538rsport.webp
15984,8741-1541LSPORT,8741-1541lsport.webp
15985,8741-1541RSPORT,8741-1541rsport.webp
15997,8741-1543SPORT,8741-1543sport.webp
14492,8741-1548SPORT,8741-1548sport.webp
15265,8741-1549SPORT,8741-1549sport.webp
15617,8741-1554SPORT,8741-1554sport.webp
15231,8741-1557LSPORT,8741-1557lsport.webp
15232,8741-1557RSPORT,8741-1557rsport.webp
16069,8741-1560LSPORT,8741-1560lsport.webp
16070,8741-1560RSPORT,8741-1560rsport.webp
15221,8741-1565LSPORT,8741-1565lsport.webp
15222,8741-1565RSPORT,8741-1565rsport.webp
14726,8741-1569SPORT,8741-1569sport.webp
14560,8741-1571SPORT,8741-1571sport.webp
14563,8741-1572SPORT,8741-1572sport.webp
16008,8741-1573SPORT,8741-1573sport.webp
15601,8741-1576LSPORT,8741-1576lsport.webp
15602,8741-1576RSPORT,8741-1576rsport.webp
15527,8741-1577LSPORT,8741-1577lsport.webp
15528,8741-1577RSPORT,8741-1577rsport.webp
15534,8741-1578LSPORT,8741-1578lsport.webp
15535,8741-1578RSPORT,8741-1578rsport.webp
14729,8741-1582SPORT,8741-1582sport.webp
15453,8741-1584LSPORT,8741-1584lsport.webp
15454,8741-1584RSPORT,8741-1584rsport.webp
15270,8741-1589SPORT,8741-1589sport.webp
14878,8741-1592LSPORT,8741-1592LSPORT.webp
14879,8741-1592RSPORT,8741-1592RSPORT.webp
14689,8741-1596SPORT,8741-1596sport.webp
14848,8745-1003,8745-1003.webp
14539,8745-1006,8745-1006.webp
14914,8745-1010L,8745-1010l.webp
14915,8745-1010R,8745-1010r.webp
15759,8745-1012L,8745-1012L.webp
15760,8745-1012R,8745-1012r.webp
14705,8745-1014L,8745-1014L.webp
14706,8745-1014R,8745-1014R.webp
16398,8745-1016,8745-1016.webp
14426,8745-1020,8745-1020.webp
14790,8745-1022R,8745-1022r.webp
14509,8745-1029,8745-1029.webp
14524,8745-1030,8745-1030.webp
16099,8745-1038,8745-1038.webp
14835,8745-1053,8745-1053.webp
14503,8745-1069,8745-1069.webp
16073,8745-1081,8745-1081.webp
15165,8745-1110L,8745-1110l.webp
15166,8745-1110R,8745-1110r.webp
16067,8745-1159,8745-1159.webp
15736,8745-1189L,8745-1189L.webp
15737,8745-1189R,8745-1189R.webp
14462,8745-1205L,8745-1205l.webp
14463,8745-1205R,8745-1205r.webp
14530,8745-1225,8745-1225.webp
14815,8745-1234L,8745-1234l.webp
14816,8745-1234R,8745-1234r.webp
16417,8745-1241L,8745-1241l.webp
16418,8745-1241R,8745-1241r.webp
14391,8745-1247L,8745-1247l.webp
14392,8745-1247R,8745-1247r.webp
15982,8745-1250L,8745-1250L.webp
15983,8745-1250R,8745-1250r.webp
15990,8745-1252L,8745-1252L.webp
15991,8745-1252R,8745-1252R.webp
15994,8745-1254,8745-1254.webp
14658,8745-1263,8745-1263.webp
14486,8745-1278,8745-1278.webp
15611,8745-1295,8745-1295.webp
14882,8745-1309L,8745-1309l.webp
14883,8745-1309R,8745-1309R.webp
16426,8745-1313L,8745-1313l.webp
16427,8745-1313R,8745-1313r.webp
14717,8745-1318,8745-1318.webp
16268,8745-1321L,8745-1321l.webp
16269,8745-1321R,8745-1321r.webp
15638,8745-1323,8745-1323.webp
14553,8745-1324,8745-1324.webp
14569,8745-1325,8745-1325.webp
16005,8745-1328,8745-1328.webp
16006,8745-1329,8745-1329.webp
15519,8745-1336L,8745-1336L.webp
15520,8745-1336R,8745-1336R.webp
14890,8745-1342,8745-1342.webp
15543,8745-1346L,8745-1346l.webp
15544,8745-1346R,8745-1346r.webp
14720,8745-1356,8745-1356.webp
15374,8745-1358L,8745-1358l.webp
15375,8745-1358R,8745-1358r.webp
15370,8745-1362L,8745-1362l.webp
15371,8745-1362R,8745-1362r.webp
14907,8745-1370L,8745-1370L.webp
14908,8745-1370R,8745-1370R.webp
15750,8745-1377L,8745-1377l.webp
15751,8745-1377R,8745-1377r.webp
14732,8745-1378L,8745-1378l.webp
14733,8745-1378R,8745-1378r.webp
14747,8745-1380L,8745-1380l.webp
14748,8745-1380R,8745-1380r.webp
14887,8745-1381R,8745-1381R.webp
16435,8745-1383,8745-1383.webp
14550,8745-1388,8745-1388.webp
16080,8750-1001,8750-1001.webp
14512,8750-1002,8750-1002.webp
14505,8750-1004,8750-1004.webp
14544,8750-1005,8750-1005.webp
14541,8750-1006,8750-1006.webp
16089,8750-1008,8750-1008.webp
16081,8750-1009,8750-1009.webp
14776,8750-1010L,8750-1010l.webp
14777,8750-1010R,8750-1010r.webp
14784,8750-1011L,8750-1011l.webp
14785,8750-1011R,8750-1011r.webp
14429,8750-1012,8750-1012.webp
15029,8750-1014L,8750-1014l.webp
15030,8750-1014R,8750-1014r.webp
15926,8750-1015L,8750-1015l.webp
15927,8750-1015R,8750-1015r.webp
15918,8750-1016L,8750-1016l.webp
15919,8750-1016R,8750-1016r.webp
15008,8750-1018,8750-1018.webp
15335,8750-1019L,8750-1019L.webp
15336,8750-1019R,8750-1019R.webp
15884,8750-1021,8750-1021.webp
16023,8750-1023,8750-1023.webp
15279,8750-1024,8750-1024.webp
15282,8750-1027,8750-1027.webp
15864,8750-1028L,8750-1028l.webp
15865,8750-1028R,8750-1028r.webp
14793,8750-1029L,8750-1029l.webp
14794,8750-1029R,8750-1029r.webp
15257,8750-1030,8750-1030.webp
16283,8750-1033,8750-1033.webp
15881,8750-1034L,8750-1034l.webp
15882,8750-1034R,8750-1034r.webp
16039,8750-1035,8750-1035.webp
16401,8750-1060,8750-1060.webp
14672,8750-1062,8750-1062.webp
14526,8750-1063,8750-1063.webp
16034,8750-1064,8750-1064.webp
15591,8750-1067,8750-1067.webp
15144,8750-1068,8750-1068.webp
15933,8750-1069R,8750-1069r.webp
14838,8750-1071,8750-1071.webp
14841,8750-1074,8750-1074.webp
14458,8750-1075,8750-1075.webp
15146,8750-1076,8750-1076.webp
15629,8750-1077,8750-1077.webp
15766,8750-1078L,8750-1078l.webp
15767,8750-1078R,8750-1078r.webp
15213,8750-1081L,8750-1081l.webp
15214,8750-1081R,8750-1081r.webp
15910,8750-1082L,8750-1082l.webp
15911,8750-1082R,8750-1082r.webp
14709,8750-1084L,8750-1084l.webp
14710,8750-1084R,8750-1084r.webp
15870,8750-1085L,8750-1085l.webp
15871,8750-1085R,8750-1085r.webp
15225,8750-1087L,8750-1087l.webp
15226,8750-1087R,8750-1087r.webp
15169,8750-1088L,8750-1088l.webp
15170,8750-1088R,8750-1088r.webp
16027,8750-1091,8750-1091.webp
15844,8750-1092L,8750-1092l.webp
15845,8750-1092R,8750-1092r.webp
14466,8750-1093L,8750-1093l.webp
14467,8750-1093R,8750-1093r.webp
15217,8750-1101L,8750-1101L.webp
15218,8750-1101R,8750-1101R.webp
16029,8750-1110,8750-1110.webp
15248,8750-1113L,8750-1113l.webp
15249,8750-1113R,8750-1113r.webp
14489,8750-1114,8750-1114.webp
14555,8750-1115,8750-1115.webp
14723,8750-1116,8750-1116.webp
14680,8750-1118,8750-1118.webp
15614,8750-1119,8750-1119.webp
15597,8750-1121L,8750-1121l.webp
15598,8750-1121R,8750-1121r.webp
14558,8750-1123,8750-1123.webp
15834,88-1686,88-1686.webp
15835,88-1687,88-1687.webp
16200,88-1713,88-1713.webp
15410,88-1794,88-1794.webp
15411,88-1795,88-1795.webp
15183,88-1817,88-1817.webp
15691,88-1826,88-1826.webp
16206,88-1830,88-1830.webp
15795,88-5389,88-5389.webp
15787,88-5390,88-5390.webp
15396,88-5395,88-5395.webp
15135,88-5396,88-5396.webp
15679,8805-1055,8805-1055.webp
15682,8805-1056,8805-1056.webp
15023,8805-1057,8805-1057.webp
15025,8805-1059,8805-1059.webp
15027,8805-1061,8805-1061.webp
15837,90-5370SP1,90-5370sp1.webp
15838,90-5371SP1,90-5371sp1.webp
15479,90-5374SP1,90-5374sp1.webp
15480,90-5375SP1,90-5375sp1.webp
15664,90-5383,90-5383.webp
15665,90-5384,90-5384.webp
15499,90-5389SP2,90-5389sp2.webp
15500,90-5390SP2,90-5390sp2.webp
16255,90-5394,90-5394.webp
16212,90-5397SP1,90-5397sp1.webp
16213,90-5398SP1,90-5398sp1.webp
15482,90-5401,90-5401.webp
16239,90-5441,90-5441.webp
16240,90-5442,90-5442.webp
15794,90-5443,90-5443.webp
16246,90-5448,90-5448.webp
15136,90-5458,90-5458.webp
15726,90-5476,90-5476.webp
15819,90-5477,90-5477.webp
15727,90-5478,90-5478.webp
14052,905 1000,905-1000-Apex-Black-group-side.webp|905-1000-Apex-Black-group.webp|905-1000-Apex-Black-pair-1.webp|905-1000-Apex-Black-pair-2.webp
14053,905 1001,905-1001-Apex-Black-group.webp|905-1001-Apex-Black-laidown.webp|905-1001-Apex-Black-pair-1.webp|905-1001-Apex-Black-pair-2.webp
14092,905 1003,905-1003-Apex-Black-group.webp|905-1003-Apex-Black-laidown.webp|905-1003-Apex-Black-pair-1.webp|905-1003-Apex-Black-pair-2.webp
14096,905 1004,905-1004-Apex-Black-group.webp|905-1004-Apex-Black-laidown.webp|905-1004-Apex-Black-pair-1.webp|905-1004-Apex-Black-pair-2.webp
14097,905 1005,905-1005-Apex-Black-group.webp|905-1005-Apex-Black-laidown.webp|905-1005-Apex-Black-pair-1.webp|905-1005-Apex-Black-pair-2.webp
14095,905 1006,905-1006-Apex-Black-pair-1.webp|905-1006-Apex-Black-pair-2.webp|905-1006-Apex-Black-group.webp|905-1006-Apex-Black-laidown.webp
14119,905 1007,905-1007-Apex-Black-group.webp|905-1007-Apex-Black-laidown.webp|905-1007-Apex-Black-pair-1.webp|905-1007-Apex-Black-pair-2.webp
14021,905 1008,905-1008-Apex-Black-group.webp|905-1008-Apex-Black-laidown.webp|905-1008-Apex-Black-pair-1.webp|905-1008-Apex-Black-pair-2.webp
14196,905 1009,905-1009-Apex-Black-group.webp|905-1009-Apex-Black-laidown.webp|905-1009-Apex-Black-pair-1.webp|905-1009-Apex-Black-pair-2.webp
14201,905 1012,905-1012-Apex-Black-pair-2.webp|905-1012-Apex-Black-group.webp|905-1012-Apex-Black-laidown.webp|905-1012-Apex-Black-pair-1.webp
14336,905 1013,905-1013-Apex-Black-group.webp|905-1013-Apex-Black-laidown.webp|905-1013-Apex-Black-pair-1.webp|905-1013-Apex-Black-pair-2.webp
14352,905 1015,905-1015-Apex-Black-group.webp|905-1015-Apex-Black-laidown.webp|905-1015-Apex-Black-pair-1.webp|905-1015-Apex-Black-pair-2.webp
15493,9905-1003,9905-1003.webp
15494,9905-1004,9905-1004.webp
