vehicle_id,engine_id
1,1
2,1
3,1
4,1
5,1
6,1
7,2
7,3
7,4
8,5
9,6
9,7
9,8
9,9
9,10
9,11
10,6
10,7
10,8
10,9
10,10
10,11
11,5
12,12
12,13
12,14
12,15
12,16
12,17
12,18
13,12
13,13
13,14
13,15
13,16
13,17
13,18
14,19
14,20
14,21
14,22
14,23
14,24
15,12
15,15
15,17
15,18
15,25
15,26
16,27
16,28
16,29
16,30
16,10
16,11
16,31
17,32
17,33
18,34
18,35
18,36
18,37
18,38
19,12
19,15
19,25
19,17
19,18
20,39
20,40
20,41
20,42
20,43
21,44
21,45
21,46
21,47
21,48
22,34
22,49
22,50
23,49
23,51
23,21
23,52
24,51
24,21
24,53
25,39
25,40
25,54
25,55
25,42
26,40
26,54
26,55
26,42
27,39
27,40
27,54
27,55
27,42
28,40
28,54
28,55
28,42
29,56
29,42
30,57
30,39
30,40
30,58
30,56
30,59
30,41
30,42
31,57
31,39
31,40
31,58
31,56
31,59
31,41
31,42
32,57
32,39
32,40
32,58
32,56
32,59
32,41
32,42
33,60
33,61
34,49
34,21
34,62
34,63
34,64
34,53
34,65
35,49
35,21
35,62
35,63
35,64
35,53
35,65
36,49
36,21
36,62
36,63
36,64
36,53
36,65
37,49
37,21
37,62
37,63
37,64
37,53
37,65
38,49
38,21
38,62
38,63
38,64
38,53
38,65
39,49
39,21
39,62
39,63
39,64
39,53
39,65
40,49
40,21
40,62
40,63
40,64
40,53
40,65
41,56
41,66
41,67
41,68
41,42
41,69
41,70
42,56
42,66
42,67
42,68
42,42
42,69
42,70
43,56
43,66
43,67
43,68
43,42
43,69
43,70
44,56
44,66
44,67
44,68
44,42
44,69
44,70
45,56
45,66
45,71
45,42
45,69
45,70
46,56
46,66
46,71
46,42
46,69
46,70
47,56
47,66
47,42
47,71
47,69
47,70
48,56
48,66
48,42
48,71
48,69
48,70
49,56
49,66
49,42
49,71
49,69
49,70
50,56
50,66
50,42
50,71
50,69
50,70
51,51
51,72
51,62
51,63
51,73
51,74
51,75
52,51
52,72
52,62
52,63
52,73
52,74
52,75
53,51
53,72
53,62
53,63
53,73
53,74
53,75
54,51
54,72
54,62
54,63
54,73
54,74
54,75
55,62
55,63
55,76
55,64
55,77
55,78
55,79
55,80
56,62
56,63
56,76
56,64
56,77
56,78
56,79
56,80
57,62
57,63
57,76
57,64
57,77
57,78
57,79
57,80
58,62
58,63
58,76
58,64
58,77
58,78
58,79
58,80
59,66
59,81
59,73
59,42
59,70
60,66
60,81
60,73
60,42
60,70
61,66
61,81
61,73
61,42
61,70
62,66
62,81
62,73
62,42
62,70
63,66
63,81
63,73
63,42
63,70
64,66
64,81
64,73
64,42
64,70
65,82
65,66
65,42
66,66
66,42
67,66
67,42
67,70
67,71
68,66
68,42
68,70
68,71
69,83
70,66
71,66
72,84
73,84
74,85
75,85
76,84
76,86
77,84
77,86
78,87
78,66
78,42
78,5
79,87
79,66
79,42
79,5
80,87
80,66
80,42
80,5
81,87
81,66
81,42
81,5
82,87
82,5
83,87
83,5
84,87
84,5
85,87
85,5
86,87
86,66
86,42
87,87
87,66
87,42
88,87
88,66
88,42
89,87
89,66
89,42
90,88
90,89
90,90
90,91
90,92
90,93
90,94
90,95
90,96
90,97
91,88
91,89
91,90
91,91
91,92
91,93
91,94
91,95
91,96
91,97
92,88
92,89
92,90
92,91
92,92
92,93
92,94
92,95
92,96
92,97
93,98
93,88
93,89
93,90
93,91
93,99
93,94
93,95
93,96
93,100
93,101
93,102
94,101
94,102
95,98
95,88
95,89
95,90
95,91
95,99
95,94
95,95
95,96
95,100
95,101
95,102
96,101
96,102
97,103
97,104
97,105
97,106
97,107
97,108
97,109
98,103
98,104
98,105
98,106
98,107
98,108
98,109
99,110
99,111
99,112
99,113
100,110
100,111
100,112
100,113
101,114
101,111
101,112
101,115
102,116
103,117
103,110
104,114
104,111
104,112
104,115
105,117
105,116
105,110
105,118
106,114
106,111
106,112
106,115
106,119
106,120
107,117
107,116
107,114
107,111
107,115
107,121
107,120
108,122
108,123
108,124
108,125
108,126
108,127
108,128
109,129
109,130
109,131
109,132
109,133
111,122
111,123
111,124
111,125
111,126
111,127
111,128
112,117
112,116
112,114
112,111
112,112
112,115
112,134
112,135
112,136
112,137
113,117
113,116
113,114
113,112
113,115
113,134
113,135
113,136
113,137
114,117
114,116
114,138
114,111
114,112
114,134
114,139
114,135
114,136
115,117
115,116
115,138
115,111
115,112
115,134
115,139
115,135
115,136
115,114
115,140
115,141
115,137
115,142
115,143
116,142
116,141
116,137
116,143
116,114
116,112
116,134
116,139
116,135
116,136
118,117
118,116
118,138
118,114
118,140
118,111
118,112
118,134
118,139
118,135
118,136
118,141
118,137
118,142
118,143
120,142
120,141
120,137
120,143
120,114
120,112
120,134
120,139
120,135
120,136
121,111
121,112
121,134
121,139
121,135
121,136
121,117
121,116
121,114
121,140
121,141
121,137
121,142
121,143
122,142
122,141
122,137
122,143
122,114
122,112
122,134
122,139
122,135
122,136
123,117
123,116
123,114
123,140
123,111
123,112
123,134
123,139
123,135
123,136
123,141
123,137
123,142
123,143
124,142
124,141
124,137
124,143
124,114
124,112
124,134
124,139
124,135
124,136
125,117
125,116
125,114
125,115
125,135
125,134
125,136
125,137
125,143
126,114
126,115
126,134
126,136
126,137
126,143
127,117
127,116
127,114
127,115
127,135
127,134
127,136
127,137
127,143
128,114
128,115
128,134
128,136
128,137
128,143
129,117
129,116
129,114
129,115
129,135
129,134
129,136
129,137
129,143
130,111
130,112
130,134
130,139
130,135
130,136
130,141
130,137
131,144
131,145
131,146
131,147
131,148
131,149
131,150
131,151
131,152
131,153
131,154
132,144
132,145
132,146
132,147
132,148
132,149
132,150
132,151
132,152
132,153
132,154
133,144
133,145
133,146
133,147
133,148
133,149
133,150
133,151
133,152
133,153
133,154
136,155
136,156
136,157
136,158
136,159
136,160
136,161
136,162
136,163
137,155
137,156
137,157
137,158
137,159
137,163
137,164
137,165
137,166
137,167
137,168
138,169
138,170
138,64
138,171
138,42
138,70
139,169
139,170
139,64
139,171
139,42
139,70
140,64
140,172
141,172
142,173
143,174
143,175
144,51
144,176
145,22
145,177
145,174
145,175
146,172
147,172
148,62
148,178
148,179
148,64
149,62
149,178
149,179
149,64
150,170
150,180
150,181
151,34
151,49
151,51
151,182
151,183
152,34
152,49
152,51
152,182
152,183
153,5
154,5
155,184
155,185
155,186
156,187
157,188
157,6
157,189
157,190
157,191
157,8
157,192
158,188
158,6
158,189
158,190
158,191
158,8
158,192
159,193
159,194
159,34
159,195
159,196
159,197
160,186
160,19
160,20
160,198
160,199
161,200
162,186
162,19
162,20
162,198
162,199
163,200
164,193
164,201
164,195
165,193
165,201
165,195
166,34
166,202
167,203
167,204
167,34
167,205
168,203
168,204
168,34
168,205
169,7
169,8
169,206
170,7
170,8
170,206
171,207
171,208
172,203
172,204
172,34
172,205
172,209
173,185
173,210
173,211
174,212
174,213
174,214
174,215
174,216
174,217
174,218
175,185
175,210
175,186
175,219
175,220
175,221
175,10
176,34
176,49
176,51
176,62
176,222
176,223
176,224
177,225
177,201
177,34
177,49
177,226
177,222
177,227
178,193
178,34
178,228
178,49
178,226
178,195
178,222
179,229
179,230
179,231
180,34
180,49
180,51
180,62
180,222
180,223
180,224
181,34
181,49
181,51
181,62
181,222
181,223
181,224
182,179
183,232
183,233
184,234
184,235
184,236
185,234
185,235
185,236
186,237
187,237
188,237
189,238
190,238
191,238
192,238
193,239
194,239
195,62
195,63
195,240
196,62
196,63
196,240
197,22
197,241
197,242
197,243
197,244
198,201
198,228
198,49
199,201
199,228
199,49
200,245
200,228
200,49
200,224
201,245
201,228
201,49
201,224
202,245
202,228
202,49
202,224
203,201
203,34
203,49
204,201
204,34
204,49
205,201
205,34
205,49
205,246
206,201
206,34
206,49
206,246
207,34
207,51
207,247
208,34
208,51
208,247
209,248
210,249
210,49
211,249
211,49
212,51
213,62
214,34
214,51
214,247
215,193
215,228
215,51
215,250
216,49
217,251
217,34
217,49
217,50
217,41
218,251
218,34
218,49
218,50
218,41
219,251
219,34
219,49
219,50
219,41
220,185
220,210
220,186
221,62
222,62
223,64
224,64
225,62
226,225
226,201
226,34
226,228
226,49
227,34
227,228
227,49
227,252
228,34
228,228
228,49
228,252
229,34
229,228
229,49
229,252
229,42
229,253
230,34
230,228
230,49
230,252
230,42
230,253
231,228
231,49
231,62
231,254
231,253
232,228
232,49
232,62
232,254
232,253
233,255
234,179
235,51
235,62
235,42
236,62
237,41
238,62
238,179
238,253
239,62
239,179
239,253
240,229
240,256
241,229
241,256
242,256
242,230
243,228
243,62
245,257
246,257
247,257
249,20
249,22
249,224
249,258
249,259
250,260
250,261
251,262
251,263
251,264
251,265
251,266
252,262
252,263
252,264
252,265
252,266
253,267
253,262
253,268
253,269
253,64
253,270
253,271
254,267
254,262
254,268
254,269
254,64
254,270
254,271
255,272
255,262
255,263
255,273
255,274
255,275
255,270
256,51
256,62
256,76
256,224
256,258
256,259
257,276
257,277
257,278
257,279
257,280
257,281
257,282
257,283
257,284
257,285
258,276
258,277
258,278
258,279
258,286
258,280
258,281
258,282
258,287
258,288
258,283
258,284
258,285
259,51
259,62
259,179
259,289
259,290
259,291
259,292
260,51
260,62
260,179
260,289
260,290
260,291
260,292
261,51
261,62
261,179
261,289
261,290
261,291
261,292
262,267
262,262
262,268
262,269
262,64
262,270
262,271
263,272
263,262
263,263
263,273
263,274
263,275
263,270
264,293
264,294
265,262
265,263
265,264
265,265
265,266
266,262
266,263
266,264
266,265
266,266
267,51
267,62
267,179
267,289
267,290
267,291
267,292
268,268
268,62
268,289
268,64
268,172
268,295
268,296
268,297
268,298
268,299
269,268
269,62
269,289
269,64
269,172
269,295
269,270
269,300
269,298
269,296
269,297
269,299
270,62
270,301
270,255
270,302
270,31
270,303
270,299
271,62
271,301
271,255
271,302
271,31
271,303
271,299
272,62
272,304
272,305
272,23
272,306
273,268
273,301
273,179
273,289
273,266
273,64
273,172
273,295
273,300
273,271
273,298
274,62
274,307
275,49
275,308
276,309
276,23
277,34
277,49
277,308
278,310
278,311
279,310
279,311
280,310
280,311
280,312
281,49
282,34
282,49
282,313
283,34
283,49
283,313
284,49
284,222
284,224
285,49
285,222
285,224
286,237
286,23
287,237
287,23
288,237
288,23
289,314
290,34
290,49
290,313
291,34
291,49
291,313
291,314
292,309
293,309
294,309
294,23
295,309
295,23
296,237
297,237
298,312
298,311
299,312
299,311
300,312
300,311
301,34
301,49
301,313
302,34
302,222
303,34
303,222
304,315
305,315
306,184
306,210
306,316
307,317
307,318
307,319
307,320
307,321
307,322
307,323
307,324
307,256
307,263
307,325
308,326
308,318
308,327
309,34
309,49
309,262
309,51
309,328
309,182
310,329
310,330
311,331
311,332
312,333
312,210
312,186
312,262
312,334
312,335
312,336
313,337
313,210
313,186
313,262
313,334
313,335
313,338
314,339
315,340
315,20
315,334
316,184
316,185
316,341
316,186
316,19
316,342
316,343
317,184
317,185
317,341
317,186
317,19
317,342
317,343
318,6
319,49
319,176
320,194
320,34
320,49
320,344
320,345
320,346
321,34
321,49
321,344
321,345
321,346
322,248
323,347
324,34
324,49
324,344
324,345
324,346
325,34
325,49
325,344
325,345
325,346
326,198
326,199
326,348
326,248
327,198
327,199
327,348
327,248
328,248
329,34
329,49
329,349
329,62
329,350
330,49
330,248
330,348
331,248
332,34
332,49
332,349
332,62
332,350
333,351
333,352
334,351
334,352
335,351
335,352
336,353
336,351
337,353
337,351
338,353
338,351
339,354
339,355
340,354
340,355
341,354
341,355
342,179
342,356
342,172
343,357
343,188
343,6
343,358
344,357
344,188
344,6
344,358
344,359
345,360
345,204
345,361
345,262
345,362
346,363
347,364
348,27
349,248
350,193
350,201
350,195
350,49
351,193
351,201
351,195
351,49
352,34
352,365
352,366
353,34
353,365
353,366
354,34
354,365
354,366
355,62
355,263
355,255
355,367
355,368
356,62
356,263
356,255
356,367
356,368
357,62
358,369
358,34
358,82
358,49
358,51
358,59
358,370
358,41
358,42
359,53
360,34
360,49
360,51
360,62
360,371
360,199
361,210
361,186
361,19
361,50
361,372
361,53
362,373
363,49
363,21
363,374
363,42
364,49
364,21
364,374
364,42
365,375
365,376
365,377
365,41
366,376
366,369
366,82
366,49
366,378
366,41
367,184
367,341
367,379
367,19
367,7
367,380
367,371
367,381
368,204
368,34
368,49
368,50
368,372
368,53
369,382
370,382
371,383
372,376
372,369
372,82
372,49
372,378
372,41
373,34
373,49
373,51
373,371
373,199
374,369
374,82
374,377
374,378
374,370
374,41
374,42
375,21
375,384
375,53
376,385
378,66
378,42
379,369
379,34
379,82
379,49
379,51
379,59
379,41
379,42
380,386
381,387
381,388
382,369
382,82
382,377
382,378
382,370
382,41
382,42
384,34
384,49
384,51
384,21
384,389
384,53
385,49
385,51
385,62
385,371
385,42
386,204
386,34
386,49
386,390
386,50
386,53
387,204
387,34
387,49
387,390
387,50
387,53
388,193
388,204
388,34
388,50
388,381
389,193
389,204
389,34
389,50
389,381
390,375
390,376
390,377
391,375
391,376
391,377
392,391
393,391
394,53
395,369
395,82
395,378
395,370
395,41
395,42
396,369
396,82
396,378
396,370
396,41
396,42
397,369
397,82
397,378
397,370
397,41
397,42
398,369
398,82
398,378
398,370
398,41
398,42
399,34
399,49
399,51
399,62
399,381
399,53
400,34
400,49
400,51
400,62
400,381
400,53
401,21
401,53
402,21
402,53
403,369
403,82
403,54
403,378
403,370
403,199
403,42
404,369
404,82
404,54
404,378
404,370
404,199
404,42
405,66
405,42
406,66
406,42
407,204
407,34
407,49
407,390
407,50
407,53
408,204
408,34
408,49
408,50
408,53
409,376
409,377
409,41
412,21
412,62
412,392
412,53
412,42
412,65
413,82
413,378
413,370
413,351
413,41
413,42
414,82
414,378
414,370
414,351
414,41
414,42
415,82
415,378
415,370
415,351
415,41
415,42
416,82
416,378
416,370
416,351
416,41
416,42
417,248
418,49
418,62
419,49
419,62
420,228
420,62
421,228
421,62
422,49
422,62
423,49
423,62
424,228
424,62
425,228
425,62
426,228
426,62
427,393
428,393
429,394
430,394
431,393
432,393
433,394
434,394
435,394
436,395
436,396
436,397
437,395
437,396
437,397
438,398
438,228
439,193
439,204
439,399
440,193
440,204
440,201
441,49
446,400
447,183
448,34
448,51
448,183
449,34
449,49
449,51
449,342
449,183
450,34
450,49
450,51
450,183
451,248
452,229
453,229
454,248
455,256
457,401
457,341
457,228
457,226
458,401
458,341
458,228
458,226
459,401
459,341
459,228
459,226
463,49
463,51
463,62
463,178
463,402
463,325
464,184
464,210
464,316
465,34
465,49
465,262
465,51
465,334
465,335
465,403
466,34
466,49
466,262
466,51
466,334
466,335
466,403
467,34
467,49
467,262
467,51
467,328
467,182
468,256
468,321
468,322
468,323
469,256
469,321
469,322
469,323
470,204
470,34
470,49
470,51
470,62
470,218
470,23
470,368
471,204
471,34
471,49
471,51
471,62
471,178
471,218
471,23
471,368
472,34
472,49
472,262
472,51
472,334
472,335
472,403
473,49
473,51
473,62
473,404
474,193
474,204
474,34
474,334
474,335
475,193
475,204
475,34
475,334
475,335
476,193
476,204
476,34
476,334
476,335
477,49
477,51
478,405
479,405
480,49
480,51
480,62
480,178
480,406
480,402
480,325
481,49
481,51
481,62
481,407
481,406
481,402
481,325
482,49
482,51
482,62
482,407
482,406
482,402
482,325
483,49
483,51
483,62
483,178
484,408
484,370
484,42
485,34
485,49
485,409
485,255
485,53
486,34
486,49
486,409
486,255
486,53
487,410
487,391
487,411
487,41
487,42
487,374
488,34
488,49
488,21
488,62
488,412
488,413
488,199
489,34
489,49
489,21
489,62
489,412
489,413
489,199
490,34
490,49
490,21
490,62
490,412
490,413
490,199
491,34
491,49
491,21
491,62
491,412
491,413
491,199
492,34
492,49
492,41
492,53
492,42
493,34
493,49
493,41
493,53
493,42
494,34
494,49
494,41
494,53
494,42
495,34
495,49
495,41
495,53
495,42
496,414
496,415
497,193
497,204
497,34
497,49
497,50
498,341
498,416
498,49
499,49
499,51
500,341
500,416
500,19
500,308
500,20
501,417
501,51
501,418
502,186
502,19
502,20
502,198
502,53
503,186
503,19
503,20
503,198
503,53
504,417
504,419
505,417
505,419
506,414
506,415
507,414
507,415
508,34
508,49
508,51
508,62
508,381
508,53
508,420
509,421
509,53
509,422
510,421
510,53
510,422
511,414
512,421
512,53
512,422
513,34
513,49
513,51
513,62
513,381
513,53
513,420
514,423
515,423
516,421
516,62
517,34
517,49
517,51
517,62
517,371
517,42
518,34
518,49
518,51
518,62
518,371
518,42
519,34
519,49
519,51
519,62
519,371
519,42
519,393
520,34
520,49
520,51
520,62
520,371
520,42
521,424
522,369
522,34
522,82
522,49
522,378
522,41
522,42
523,369
523,34
523,82
523,49
523,378
523,41
523,42
524,425
525,370
526,369
526,34
526,82
526,49
526,378
526,41
526,42
527,370
528,376
528,369
528,82
528,377
528,54
528,378
528,41
528,42
529,376
529,369
529,82
529,377
529,54
529,378
529,41
529,42
529,425
530,425
531,425
532,426
533,370
534,374
535,374
537,341
537,19
537,20
538,417
538,419
539,34
539,49
539,51
539,62
539,371
539,42
540,369
540,34
540,82
540,49
540,378
540,41
540,42
541,184
541,186
541,188
541,50
541,427
542,65
542,51
542,62
542,413
542,53
542,42
543,51
543,62
543,53
543,42
543,414
543,428
543,413
543,65
544,65
544,51
544,62
544,413
544,53
544,42
545,51
545,62
545,53
545,42
545,414
545,428
545,413
545,65
546,65
546,51
546,62
546,413
546,53
546,42
547,51
547,62
547,53
547,42
547,414
547,428
547,413
547,65
548,65
548,51
548,62
548,413
548,53
548,42
549,414
549,428
549,51
549,62
549,413
549,53
549,42
549,429
549,65
550,34
550,49
550,378
550,62
550,42
551,34
551,49
551,378
551,62
551,42
552,34
552,49
552,378
552,62
552,42
553,34
553,49
553,378
553,62
553,42
554,34
554,49
554,378
554,62
554,42
555,34
555,49
555,378
555,62
555,42
556,82
556,377
556,378
556,370
556,41
556,42
557,82
557,377
557,378
557,370
557,41
557,42
558,82
558,377
558,378
558,370
558,41
558,42
559,82
559,377
559,378
559,370
559,41
559,42
560,430
561,430
562,193
562,204
562,369
562,34
562,390
562,50
562,41
563,184
563,341
563,186
563,246
563,371
564,193
564,34
564,431
564,50
564,432
564,433
564,49
565,193
565,204
565,369
565,34
565,390
565,50
565,41
566,193
566,34
566,50
566,432
566,433
566,53
567,82
567,378
568,49
569,82
569,378
570,49
571,82
571,370
571,42
572,391
572,374
572,42
573,391
573,374
573,42
574,369
574,82
574,54
574,59
574,41
574,42
575,369
575,82
575,54
575,59
575,41
575,42
576,22
576,411
576,413
576,198
576,199
576,434
577,22
577,411
577,413
577,198
577,199
577,434
578,22
578,411
578,413
578,198
578,199
578,434
579,22
579,411
579,413
579,198
579,199
579,434
580,22
580,411
580,413
580,198
580,199
580,434
581,22
581,411
581,413
581,198
581,199
581,434
582,62
582,5
582,53
582,435
583,62
583,5
583,53
583,435
584,62
584,42
584,436
585,62
585,42
585,436
586,62
586,42
586,436
587,414
587,415
588,49
588,41
588,51
588,62
588,42
588,63
588,437
589,395
589,263
589,438
589,439
589,440
589,65
590,395
590,263
590,438
590,439
590,440
590,65
592,49
592,51
592,62
592,63
592,41
592,441
592,442
593,62
593,263
593,367
593,63
593,443
594,62
594,263
594,367
594,63
594,443
595,63
595,440
595,23
596,63
596,440
596,23
597,49
597,51
597,62
597,63
597,41
597,441
597,442
598,263
598,367
598,63
598,443
598,440
598,442
599,262
599,263
599,440
599,273
599,41
599,42
599,442
600,62
600,255
600,179
600,440
600,444
601,263
601,367
601,439
601,445
601,446
601,65
602,49
602,51
602,62
602,63
602,41
602,441
602,442
603,262
603,263
603,443
603,273
603,41
603,42
603,442
604,263
604,273
604,442
605,62
605,255
605,179
605,440
605,444
606,263
606,63
606,179
606,440
606,444
607,262
607,263
607,440
607,172
607,23
607,444
608,57
608,39
608,40
608,58
608,56
608,59
608,41
608,42
609,56
609,447
609,42
610,56
610,447
610,42
611,56
611,447
611,42
612,60
612,61
612,46
612,448
613,60
613,449
33,46
33,448
614,60
614,449
615,450
616,450
617,450
618,450
619,450
620,447
621,447
622,447
623,447
624,447
97,451
97,452
625,453
626,454
626,453
627,238
628,238
629,234
629,235
629,236
630,234
630,235
630,236
631,234
631,235
631,236
632,234
632,235
632,236
633,239
634,239
635,193
635,228
635,455
635,51
635,62
636,193
636,228
636,455
636,51
636,62
637,193
637,228
637,455
637,51
637,62
638,193
638,228
638,455
638,51
638,62
639,456
640,370
640,42
641,456
642,370
642,42
643,369
643,82
643,377
643,378
643,370
643,41
643,42
644,456
644,457
644,458
645,370
645,42
646,456
646,457
646,458
647,370
647,42
648,370
648,42
649,370
649,42
650,248
651,459
655,459
656,248
657,41
657,42
658,376
658,369
658,82
658,377
658,41
658,42
536,376
536,82
536,377
536,42
659,376
659,82
659,377
659,42
660,425
661,425
662,370
663,374
664,374
665,19
665,20
665,21
665,22
665,23
665,24
666,460
667,6
667,7
667,8
667,9
667,10
667,11
668,6
668,7
668,8
668,9
668,10
668,11
669,12
669,13
669,14
669,15
669,16
669,17
670,5
671,12
671,15
671,17
672,34
672,35
672,36
672,37
672,38
673,12
673,15
673,25
673,17
673,18
25,59
25,66
25,41
25,53
27,59
27,66
27,41
27,53
674,39
674,40
674,54
674,59
674,66
674,41
674,53
674,42
675,49
675,51
675,21
675,53
675,62
675,63
675,289
675,64
675,65
38,51
38,170
34,51
34,170
676,114
676,111
676,112
677,116
677,114
677,111
677,115
677,461
678,117
678,116
678,138
679,117
679,116
679,114
679,115
679,135
679,134
679,136
679,137
679,143
680,117
680,116
680,114
680,115
680,135
680,134
680,136
680,137
680,143
681,155
681,156
681,157
681,158
681,462
681,160
681,161
682,463
682,155
682,157
682,158
682,462
682,161
682,464
136,462
685,341
685,416
685,19
685,20
685,22
686,341
686,416
686,19
686,20
686,22
687,341
687,416
687,19
687,20
687,22
688,341
688,416
688,19
688,20
688,22
689,49
689,62
689,63
689,443
689,465
690,49
690,62
690,63
690,443
690,465
691,193
691,466
692,193
692,467
692,468
693,34
694,188
694,6
694,189
694,190
694,191
694,8
694,192
695,188
695,6
695,189
695,190
695,191
695,8
695,192
696,193
696,194
696,34
696,195
696,196
696,197
697,34
697,202
167,193
167,469
167,470
698,193
698,204
168,469
168,470
168,471
699,204
699,201
699,34
699,49
700,472
701,207
702,51
702,178
702,473
703,185
703,210
703,211
704,474
705,341
705,19
705,475
706,262
707,201
707,34
707,49
708,225
708,34
708,49
709,225
709,34
709,49
710,193
710,34
710,228
710,49
710,226
710,195
710,222
710,262
711,476
711,62
712,477
712,478
712,195
712,224
713,477
713,478
713,195
713,224
713,479
713,480
714,479
714,480
715,49
715,51
715,62
716,231
716,481
717,34
717,482
718,193
718,34
718,228
718,49
718,226
718,195
718,222
718,262
720,22
720,241
720,242
721,228
721,49
721,197
722,34
722,51
722,247
723,62
724,34
725,62
730,62
731,257
732,257
733,257
736,472
736,483
737,484
738,263
742,485
745,331
745,332
746,333
746,210
746,186
746,262
746,334
746,335
746,336
747,337
747,210
747,186
747,262
747,334
747,335
747,338
748,340
748,20
748,334
749,184
749,185
749,341
749,186
749,19
749,342
749,343
750,184
750,185
750,341
750,186
750,19
750,342
750,343
751,185
751,186
751,19
752,194
752,34
752,49
752,344
752,345
752,346
753,194
753,34
753,49
754,486
755,34
755,49
755,349
755,62
755,350
756,198
756,199
756,487
757,6
758,49
758,176
759,34
759,49
759,344
759,345
759,346
760,248
761,347
762,34
762,49
762,344
762,345
762,346
763,34
763,49
763,344
763,345
763,346
764,248
764,348
765,248
766,62
766,350
767,488
768,248
768,348
769,204
769,34
769,49
769,489
771,49
771,62
771,490
772,34
772,49
772,489
772,62
772,490
773,35
774,472
775,49
775,51
775,491
776,51
776,53
778,53
779,51
779,53
783,34
783,51
783,62
783,53
784,263
786,492
787,492
791,183
798,493
799,34
799,49
799,20
799,494
799,263
799,495
799,53
800,34
800,49
800,51
800,62
801,34
801,49
801,51
801,62
802,34
803,49
803,51
804,49
804,51
805,49
805,51
805,263
805,178
805,406
806,49
806,51
806,178
806,218
806,199
807,34
807,49
807,51
807,62
807,179
808,34
808,49
808,51
808,62
808,179
809,34
809,49
809,21
809,62
809,412
809,413
809,199
809,51
809,420
809,53
810,34
810,49
810,21
810,62
810,412
810,413
810,199
811,34
811,49
811,21
811,62
811,412
811,413
811,199
812,34
812,49
812,21
812,62
812,412
812,413
812,199
813,414
813,415
814,204
814,34
815,193
815,204
815,34
815,49
815,50
816,34
816,49
816,496
816,62
817,34
817,49
817,51
817,62
817,381
817,53
817,420
818,421
818,53
818,422
818,414
819,34
819,49
819,51
819,62
819,381
819,53
819,420
820,421
820,53
820,422
820,414
821,421
821,62
822,341
822,19
822,51
822,62
823,34
823,49
823,51
823,62
823,53
823,42
824,34
824,49
824,51
824,62
824,53
824,42
827,393
828,34
828,49
828,51
828,62
828,53
828,42
829,5
830,369
830,34
830,82
830,49
830,378
830,41
830,42
831,425
832,370
833,369
833,34
833,82
833,49
833,378
833,41
833,42
834,376
834,369
834,82
834,377
834,54
834,378
834,41
834,42
835,425
836,370
838,49
838,62
838,53
839,184
839,186
839,188
839,50
839,427
840,497
841,414
841,428
842,414
842,428
843,204
843,34
843,49
847,34
847,49
847,496
847,62
848,22
848,230
848,498
848,367
849,499
849,367
849,413
850,395
850,263
850,438
850,439
850,440
850,65
851,395
851,263
851,438
851,439
851,440
851,65
852,22
852,230
852,498
852,367
853,22
853,263
853,367
853,411
853,413
854,49
854,51
854,62
854,63
854,41
854,441
854,442
855,49
855,41
855,51
855,62
855,42
855,63
855,437
857,34
857,202
858,500
859,500
860,500
861,500
862,500
863,500
864,5
865,49
865,51
866,49
866,51
867,51
868,62
869,5
870,5
871,63
872,63
873,201
873,228
874,19
874,20
874,22
874,23
874,421
875,501
876,19
876,20
876,22
876,23
876,421
876,501
877,2
877,3
877,4
878,6
878,7
878,8
878,9
878,10
878,11
879,6
879,7
879,8
879,9
879,10
879,11
880,12
880,13
880,14
880,15
880,16
880,502
881,12
881,13
881,14
881,15
881,16
881,502
882,5
883,5
884,19
884,20
884,22
884,460
885,62
885,460
886,12
886,15
886,17
886,18
886,25
887,19
888,19
889,19
890,19
891,503
891,504
891,505
891,17
892,19
893,19
893,20
893,22
894,27
894,28
894,29
894,30
894,10
894,11
894,31
895,22
895,460
896,248
897,506
898,419
899,32
899,33
900,34
900,35
900,36
900,37
900,38
901,507
902,508
902,509
902,510
902,511
902,512
903,32
903,33
904,12
904,15
904,25
904,17
904,18
905,513
905,514
905,185
906,515
907,49
907,62
907,255
907,289
907,76
908,49
908,62
908,255
908,289
908,76
909,49
909,62
909,255
909,289
909,76
910,49
910,62
910,255
910,289
910,76
911,20
911,516
911,22
911,517
911,177
911,499
911,518
912,20
912,516
912,22
912,517
912,177
912,499
912,518
913,20
913,516
913,22
913,517
913,177
913,499
913,518
914,22
914,517
914,177
914,499
914,518
915,22
915,517
915,177
915,499
915,518
916,22
916,517
916,177
916,499
916,518
917,22
917,517
917,177
917,499
917,518
918,39
918,40
918,41
918,42
918,519
919,44
919,45
919,46
919,47
920,520
920,521
920,522
921,34
921,49
921,50
922,49
922,51
922,21
922,52
923,51
923,21
923,53
924,51
924,21
924,53
925,40
925,54
925,55
925,42
925,523
926,39
926,40
926,54
926,55
926,42
927,40
927,54
927,55
927,42
927,523
928,39
928,40
928,54
928,55
928,42
929,40
929,54
929,55
929,42
929,523
930,57
930,39
930,40
930,58
930,56
930,59
930,41
930,42
931,56
931,42
932,57
932,39
932,40
932,58
932,56
932,59
932,41
932,42
933,56
933,66
933,42
934,57
934,39
934,40
934,58
934,56
934,59
934,41
934,42
935,56
935,66
935,42
936,57
936,39
936,40
936,58
936,56
936,59
936,41
936,42
937,56
937,66
937,42
938,45
938,524
938,60
938,61
938,46
938,448
939,60
939,61
939,449
940,45
940,524
940,46
940,448
941,60
941,61
941,449
942,40
942,525
943,40
943,525
944,49
944,51
944,21
944,63
944,289
944,53
944,65
945,49
945,51
945,21
945,63
945,289
945,53
945,65
946,49
946,51
946,21
946,63
946,289
946,53
946,65
947,49
947,51
947,21
947,63
947,289
947,53
947,65
948,49
948,21
948,62
948,63
948,64
948,53
948,65
949,49
949,21
949,62
949,63
949,64
949,53
949,65
950,49
950,21
950,62
950,63
950,64
950,53
950,65
951,49
951,21
951,62
951,63
951,64
951,53
951,65
952,49
952,21
952,62
952,63
952,64
952,53
952,65
953,56
953,66
953,67
953,68
953,42
953,69
953,70
954,56
954,66
954,67
954,68
954,42
954,69
954,70
955,56
955,66
955,67
955,68
955,42
955,69
955,70
956,40
956,66
956,526
956,42
956,527
957,40
957,66
957,526
957,42
957,527
958,40
958,66
958,526
958,42
958,527
959,40
959,66
959,526
959,42
959,527
960,56
960,66
960,71
960,42
960,69
960,70
961,56
961,66
961,71
961,42
961,69
961,70
962,56
962,66
962,71
962,42
962,69
962,70
963,56
963,66
963,71
963,42
963,69
963,70
964,56
964,66
964,71
964,42
964,69
964,70
965,56
965,66
965,71
965,42
965,69
965,70
966,40
966,66
966,42
966,527
967,40
967,66
967,42
967,527
968,40
968,66
968,42
968,527
969,40
969,66
969,42
969,527
970,40
970,66
970,42
970,527
971,40
971,66
971,42
971,527
972,51
972,62
972,289
972,414
972,74
972,75
973,51
973,62
973,289
973,414
973,74
973,75
973,72
973,63
973,73
974,51
974,62
974,289
974,414
974,74
974,75
975,51
975,62
975,289
975,414
975,74
975,75
976,51
976,72
976,62
976,63
976,73
976,74
976,75
977,51
977,72
977,62
977,63
977,73
977,74
977,75
978,51
978,72
978,62
978,63
978,73
978,74
978,75
979,51
979,72
979,62
979,63
979,73
979,74
979,75
980,62
980,63
980,76
980,64
980,77
980,78
980,79
980,80
981,62
981,63
981,76
981,64
981,77
981,78
981,79
981,80
982,62
982,63
982,76
982,64
982,77
982,78
982,79
982,80
983,62
983,63
983,76
983,64
983,77
983,78
983,79
983,80
984,66
984,81
984,73
984,42
984,70
985,66
985,81
985,73
985,42
985,70
986,66
986,81
986,73
986,42
986,70
987,66
987,81
987,73
987,42
987,70
988,528
988,529
988,448
988,530
988,449
988,531
989,528
989,529
989,448
989,530
989,449
989,531
990,528
990,529
990,448
990,530
990,449
990,531
991,528
991,529
991,448
991,530
991,449
991,531
992,66
992,81
992,73
992,42
992,70
993,66
993,81
993,73
993,42
993,70
994,528
994,529
994,448
994,530
994,449
994,531
995,528
995,529
995,448
995,530
995,449
995,531
996,62
996,255
996,289
996,76
997,62
997,255
997,289
997,76
998,532
998,533
998,534
998,535
999,536
1000,57
1000,82
1000,66
1000,41
1000,42
1001,82
1001,66
1001,42
1002,82
1002,66
1002,42
1003,82
1003,58
1003,66
1003,42
1004,66
1004,42
1005,66
1005,42
1005,70
1005,71
1006,66
1006,42
1006,70
1006,71
1007,537
1008,537
1009,537
1010,83
1011,66
1012,66
1013,60
1013,449
1014,538
1014,539
1015,538
1015,539
1016,84
1017,84
1018,85
1019,85
1020,85
1021,84
1021,540
1022,84
1022,540
1023,540
1024,540
1025,538
1025,539
1026,538
1026,539
1027,539
1028,539
1029,87
1029,66
1029,42
1029,5
1030,87
1030,66
1030,42
1030,5
1031,87
1031,66
1031,42
1031,5
1032,87
1032,66
1032,42
1032,5
1033,87
1033,5
1034,87
1034,5
1035,87
1035,5
1036,87
1036,5
1037,87
1037,66
1037,42
1038,87
1038,66
1038,42
1039,87
1039,66
1039,42
1040,87
1040,66
1040,42
1041,541
1042,351
1042,542
1043,543
1043,544
1044,543
1044,544
1045,543
1045,544
1045,545
1046,543
1046,544
1047,546
1047,547
1047,548
1047,549
1047,550
1048,546
1048,547
1048,548
1048,549
1048,550
1049,88
1049,89
1049,90
1049,91
1049,92
1049,93
1049,94
1049,95
1049,96
1049,97
1050,88
1050,89
1050,90
1050,91
1050,92
1050,93
1050,94
1050,95
1050,96
1050,97
1051,88
1051,89
1051,90
1051,91
1051,92
1051,93
1051,94
1051,95
1051,96
1051,97
1052,98
1052,88
1052,89
1052,90
1052,91
1052,99
1052,94
1052,95
1052,96
1052,100
1052,101
1052,102
1053,98
1053,88
1053,89
1053,90
1053,91
1053,99
1053,94
1053,95
1053,96
1053,100
1054,551
1054,552
1055,98
1055,88
1055,89
1055,90
1055,91
1055,99
1055,94
1055,95
1055,96
1055,100
1055,101
1055,102
1056,98
1056,88
1056,89
1056,90
1056,91
1056,99
1056,94
1056,95
1056,96
1056,100
1057,551
1057,552
1058,88
1058,89
1058,90
1058,553
1058,554
1058,555
1058,556
1059,88
1059,89
1059,90
1059,553
1059,554
1059,555
1059,556
1060,103
1060,104
1060,105
1060,106
1060,107
1060,108
1060,109
1061,557
1061,558
1062,103
1062,104
1062,105
1062,106
1062,107
1062,108
1062,109
1062,451
1062,452
1063,103
1063,104
1063,105
1063,106
1063,107
1063,108
1063,109
1064,557
1064,558
1065,103
1065,104
1065,105
1065,106
1065,107
1065,108
1065,109
1065,451
1065,452
1066,103
1066,104
1066,559
1066,560
1066,561
1067,562
1067,103
1067,104
1067,563
1067,564
1067,565
1067,107
1067,108
1068,562
1068,103
1068,104
1068,563
1068,564
1068,565
1068,107
1068,108
1069,562
1069,103
1069,104
1069,563
1069,564
1069,565
1069,107
1069,108
1070,562
1070,103
1070,104
1070,563
1070,564
1070,565
1070,107
1070,108
1071,103
1071,104
1071,106
1071,561
1072,452
1073,566
1073,567
1073,116
1073,568
1073,114
1074,110
1074,111
1074,112
1075,110
1075,111
1075,112
1075,113
1075,117
1075,116
1075,114
1076,569
1077,110
1077,111
1077,112
1077,113
1077,116
1077,114
1078,569
1079,114
1079,111
1079,112
1079,115
1080,116
1081,117
1081,116
1081,114
1082,570
1083,114
1083,112
1084,114
1084,112
1085,117
1085,110
1086,114
1086,111
1086,112
1086,115
1087,117
1087,116
1087,114
1087,112
1087,119
1088,114
1088,112
1088,119
1089,117
1089,116
1089,110
1089,118
1090,114
1090,111
1090,112
1090,115
1090,119
1090,120
1091,117
1091,116
1091,114
1091,111
1091,115
1091,121
1091,120
1092,122
1092,123
1092,124
1092,125
1092,126
1092,127
1092,128
1093,129
1093,130
1093,131
1093,132
1093,133
1094,122
1094,123
1094,124
1094,125
1094,126
1094,127
1094,128
1095,117
1095,116
1095,114
1095,111
1095,112
1095,115
1095,134
1095,135
1095,136
1095,137
1096,571
1096,572
1096,573
1097,117
1097,116
1097,114
1097,111
1097,112
1097,115
1097,134
1097,135
1097,136
1097,137
1098,571
1098,572
1098,573
1099,117
1099,116
1099,114
1099,140
1099,111
1099,112
1099,134
1099,139
1099,135
1099,136
1099,141
1099,137
1100,117
1100,116
1100,114
1100,112
1100,134
1100,142
1100,139
1100,135
1100,136
1100,141
1100,137
1100,143
1100,138
1101,117
1101,116
1101,114
1101,140
1101,111
1101,112
1101,134
1101,139
1101,135
1101,136
1101,141
1101,137
1102,117
1102,116
1102,114
1102,112
1102,134
1102,142
1102,139
1102,135
1102,136
1102,141
1102,137
1102,143
1103,117
1103,116
1103,114
1103,140
1103,111
1103,112
1103,134
1103,139
1103,135
1103,136
1103,141
1103,137
1104,114
1104,112
1104,134
1104,142
1104,139
1104,135
1104,136
1104,141
1104,137
1104,143
1105,117
1105,116
1105,114
1105,140
1105,111
1105,112
1105,134
1105,139
1105,135
1105,136
1105,141
1105,137
1106,114
1106,112
1106,134
1106,142
1106,139
1106,135
1106,136
1106,141
1106,137
1106,143
1107,117
1107,116
1107,114
1107,115
1107,134
1107,135
1107,136
1107,137
1107,143
1107,574
1108,114
1108,115
1108,134
1108,136
1108,137
1108,143
1109,117
1109,116
1109,114
1109,115
1109,134
1109,135
1109,136
1109,137
1109,143
1110,114
1110,115
1110,134
1110,136
1110,137
1110,143
1111,117
1111,116
1111,114
1111,115
1111,134
1111,135
1111,136
1111,137
1111,143
1112,116
1112,114
1112,575
1112,461
1112,576
1112,577
1112,578
1112,579
1113,116
1113,114
1113,575
1113,461
1113,576
1113,577
1113,578
1113,579
1114,116
1114,114
1114,575
1114,461
1114,576
1114,577
1114,578
1114,579
1115,116
1115,114
1115,575
1115,461
1115,576
1115,577
1115,578
1115,579
1116,144
1116,145
1116,146
1116,149
1116,150
1116,151
1116,147
1116,148
1116,152
1116,153
1116,154
1117,144
1117,145
1117,146
1117,149
1117,150
1117,151
1117,147
1117,148
1117,152
1117,153
1117,154
1118,144
1118,145
1118,146
1118,149
1118,150
1118,151
1118,147
1118,148
1118,152
1118,153
1118,154
1119,144
1119,145
1119,146
1119,149
1119,150
1119,151
1119,147
1119,148
1119,152
1119,153
1119,154
1120,144
1120,145
1120,146
1120,149
1120,150
1120,151
1120,147
1120,148
1120,152
1120,153
1120,154
1121,144
1121,145
1121,146
1121,149
1121,150
1121,151
1121,147
1121,148
1121,152
1121,153
1121,154
1122,145
1122,149
1122,580
1123,145
1123,149
1123,580
1124,145
1124,149
1124,580
1124,581
1124,582
1125,145
1125,149
1125,580
1125,581
1125,582
1126,145
1126,149
1126,580
1126,581
1126,582
1127,145
1127,149
1127,580
1127,581
1127,582
1128,583
1128,584
1128,585
1128,586
1128,158
1129,587
1129,155
1129,157
1129,158
1129,162
1129,588
1129,589
1129,163
1129,590
1130,587
1130,155
1130,590
1130,157
1130,158
1130,163
1130,589
1131,155
1131,156
1131,157
1131,158
1131,159
1131,166
1131,167
1131,162
1131,163
1132,155
1132,156
1132,157
1132,158
1132,159
1132,166
1132,167
1132,162
1132,163
1133,155
1133,156
1133,157
1133,158
1133,159
1133,163
1133,164
1133,165
1133,166
1133,167
1133,168
1134,155
1134,156
1134,157
1134,158
1134,159
1134,163
1134,164
1134,165
1134,166
1134,167
1134,168
1135,169
1135,170
1135,64
1135,171
1135,42
1135,70
1136,169
1136,170
1136,64
1136,171
1136,42
1136,70
1137,64
1137,171
1137,42
1137,70
1138,169
1138,170
1138,64
1138,171
1138,42
1138,70
1139,170
1139,64
1139,171
1139,42
1139,70
1140,169
1140,170
1140,64
1140,171
1140,42
1140,70
1141,170
1141,64
1141,171
1141,42
1141,70
1142,591
1142,592
1142,593
1143,169
1143,170
1143,64
1143,171
1143,42
1143,70
1144,170
1144,64
1144,171
1144,42
1144,70
1145,594
1145,595
1145,596
1145,597
1145,598
1146,255
1146,179
1147,64
1147,172
1148,172
1149,173
1150,228
1150,62
1150,224
1151,228
1151,62
1151,224
1152,228
1152,62
1152,224
1153,228
1153,62
1153,224
1154,62
1154,64
1154,224
1154,292
1155,62
1155,64
1155,224
1155,292
1156,62
1156,64
1156,224
1156,292
1157,62
1157,64
1157,224
1157,292
1158,64
1158,171
1158,292
1159,64
1159,171
1159,224
1159,292
1160,64
1160,171
1160,292
1161,64
1161,171
1161,224
1161,292
1162,179
1163,174
1163,175
1164,51
1164,176
1165,22
1165,177
1165,174
1165,175
1166,172
1167,172
1168,62
1168,178
1168,179
1168,64
1169,62
1169,178
1169,179
1169,64
1170,170
1170,180
1170,181
1171,472
1172,472
1173,472
1174,472
1175,472
1176,472
1177,472
1178,472
1179,472
1180,472
1181,472
1182,472
1183,472
1184,472
1185,472
1186,472
1187,472
1188,263
1188,414
1188,53
1189,263
1189,414
1189,53
1190,472
1191,472
1192,472
1193,472
1194,472
1195,472
1196,472
1197,472
1198,472
1199,453
1200,453
1201,454
1201,453
1202,472
1203,472
1204,472
1205,472
1206,472
1207,472
1208,472
1209,472
1210,472
1211,472
1212,472
1213,472
1214,34
1214,49
1214,51
1214,182
1214,183
1215,34
1215,49
1215,51
1215,182
1215,183
1216,34
1216,49
1216,51
1216,182
1216,183
1217,472
1218,472
1219,472
1220,472
1221,472
1222,472
1223,472
1224,472
1225,472
1226,472
1227,472
1228,472
1229,472
1230,472
1231,472
1232,472
1233,472
1234,472
1235,472
1236,472
1237,472
1238,472
1239,472
1240,472
1241,599
1242,599
1243,5
1244,5
1245,184
1245,185
1245,186
1246,187
1247,184
1247,185
1247,186
1248,194
1248,204
1248,34
1248,49
1248,600
1249,194
1249,204
1249,34
1249,49
1249,600
1250,204
1250,478
1250,169
1251,34
1251,49
1251,600
1251,348
1252,34
1252,49
1252,600
1252,348
1253,204
1253,34
1253,49
1253,182
1253,183
1254,41
1254,601
1255,204
1255,34
1255,49
1255,182
1255,183
1256,41
1256,601
1257,41
1257,601
1258,49
1258,600
1259,49
1259,600
1260,41
1260,601
1261,41
1261,601
1262,62
1262,199
1262,602
1262,603
1262,444
1262,604
1263,62
1263,199
1263,602
1263,603
1263,444
1263,604
1264,62
1264,199
1264,602
1264,603
1264,444
1264,604
1265,62
1265,199
1265,602
1265,603
1265,444
1265,604
1266,62
1266,199
1266,602
1266,603
1266,444
1266,604
1267,62
1267,199
1267,602
1267,603
1267,444
1267,604
1268,348
1268,602
1268,605
1269,348
1269,602
1269,605
1270,348
1270,602
1270,605
1271,348
1271,602
1271,605
1272,348
1272,602
1272,605
1273,348
1273,602
1273,605
1274,348
1274,602
1274,605
1275,348
1275,602
1275,605
1276,193
1276,194
1276,34
1276,195
1276,196
1276,197
1277,41
1277,601
1278,186
1278,19
1278,20
1278,198
1278,199
1279,200
1280,186
1280,19
1280,20
1280,198
1280,199
1281,200
1282,185
1282,186
1282,19
1282,20
1282,198
1282,199
1282,516
1282,22
1282,230
1283,377
1284,370
1285,606
1285,377
1285,370
1285,42
1286,370
1286,42
1287,606
1287,377
1287,370
1287,42
1288,606
1288,377
1288,370
1288,42
1289,606
1289,377
1289,370
1289,42
1290,606
1290,377
1290,370
1290,42
1291,193
1291,201
1291,195
1292,193
1292,201
1292,195
1293,193
1293,201
1293,195
1294,193
1294,201
1294,195
1295,416
1295,20
1295,22
1296,341
1296,416
1296,19
1297,416
1298,201
1299,19
1300,341
1300,186
1300,19
1301,607
1302,608
1302,609
1303,608
1303,609
1304,610
1305,610
1306,610
1307,611
1308,612
1309,612
1310,612
1311,613
1311,614
1311,615
1311,616
1311,617
1312,613
1312,614
1312,615
1312,616
1312,617
1313,618
1313,619
1313,620
1314,618
1314,619
1314,620
1317,235
1317,621
1317,619
1317,622
1318,235
1318,621
1318,619
1318,622
1319,235
1319,621
1319,619
1319,622
1320,235
1320,621
1320,619
1320,622
1321,235
1321,621
1321,619
1321,622
1322,235
1322,621
1322,619
1322,622
1322,623
1323,235
1323,621
1323,619
1323,622
1323,623
1324,235
1324,621
1324,619
1324,622
1324,623
1325,235
1325,621
1325,619
1325,622
1325,623
1326,624
1327,624
1328,625
1329,625
1330,625
1331,625
1332,625
1333,625
1334,626
1334,627
1335,626
1335,627
1336,626
1336,627
1337,628
1337,629
1338,628
1338,629
1339,628
1339,629
1340,628
1340,629
1341,630
1342,630
1343,631
1344,631
1345,631
1346,631
1347,632
1347,633
1348,632
1348,633
1349,634
1350,634
1351,634
1352,635
1352,624
1353,626
1353,627
1354,635
1354,624
1355,636
1356,626
1356,627
1357,637
1358,634
1359,472
1360,472
1361,638
1362,34
1362,202
1363,203
1363,204
1363,34
1363,205
1364,639
1364,640
1364,641
1365,203
1365,204
1365,34
1365,205
1366,51
1367,642
1367,643
1367,204
1368,7
1368,8
1368,206
1368,207
1368,208
1369,20
1369,177
1369,4
1369,644
1370,22
1371,242
1372,62
1372,199
1372,602
1372,603
1372,444
1372,604
1373,62
1373,199
1373,602
1373,603
1373,444
1373,604
1374,62
1374,199
1374,602
1374,603
1374,444
1374,604
1375,62
1375,199
1375,602
1375,603
1375,444
1375,604
1376,62
1376,199
1376,602
1376,603
1376,444
1376,604
1377,62
1377,199
1377,602
1377,603
1377,444
1377,604
1378,224
1378,645
1378,292
1379,224
1379,645
1379,292
1380,224
1380,645
1380,292
1381,224
1381,645
1381,292
1382,224
1382,645
1382,292
1383,224
1383,645
1383,292
1384,224
1384,645
1384,292
1385,224
1385,645
1385,292
1386,63
1386,646
1387,203
1387,204
1387,34
1387,205
1387,209
1388,360
1388,193
1388,204
1388,328
1389,360
1389,193
1389,204
1389,328
1390,212
1390,213
1390,214
1390,215
1390,216
1391,212
1391,213
1391,214
1391,215
1391,216
1391,217
1391,218
1392,185
1392,210
1392,186
1392,219
1392,220
1392,221
1392,10
1392,647
1393,41
1393,601
1394,62
1394,42
1395,41
1395,601
1396,193
1396,648
1396,228
1396,649
1397,193
1397,194
1397,649
1398,478
1399,193
1399,648
1399,228
1399,649
1400,193
1400,228
1400,62
1401,193
1401,228
1401,62
1402,193
1402,228
1402,62
1403,193
1403,228
1404,367
1405,367
1406,650
1406,651
1406,652
1406,297
1407,341
1407,19
1407,22
1408,34
1408,49
1408,51
1408,62
1408,222
1408,223
1408,224
1409,650
1409,651
1409,652
1409,297
1410,650
1410,651
1410,652
1410,297
1411,653
1412,638
1413,654
1414,655
1415,472
1416,472
1417,656
1417,657
1417,297
1417,658
1418,657
1418,297
1418,658
1419,659
1419,315
1419,660
1420,656
1420,657
1420,297
1420,658
1421,657
1421,297
1421,658
1422,659
1422,315
1422,660
1423,472
1424,472
1425,656
1425,657
1425,297
1425,658
1426,657
1426,297
1426,658
1427,472
1428,472
1429,656
1429,657
1429,297
1429,658
1430,656
1430,657
1430,297
1430,658
1431,657
1431,297
1431,658
1432,225
1432,201
1432,34
1432,49
1432,226
1432,222
1433,193
1433,34
1433,228
1433,49
1433,226
1433,195
1433,222
1434,227
1435,661
1435,662
1436,229
1436,230
1436,231
1437,34
1437,49
1437,51
1437,62
1437,222
1437,223
1437,224
1438,34
1438,49
1438,51
1438,62
1438,222
1438,223
1438,224
1439,34
1439,49
1439,51
1439,62
1439,222
1439,223
1439,224
1440,34
1440,49
1440,51
1440,62
1440,222
1440,223
1440,224
1441,34
1441,49
1441,51
1441,62
1441,222
1441,223
1441,224
1442,193
1442,228
1442,62
1443,193
1443,228
1443,62
1444,179
1445,663
1446,663
1447,664
1447,233
1448,63
1448,646
1449,251
1449,272
1449,263
1449,222
1449,224
1450,49
1450,51
1450,62
1450,224
1450,178
1450,258
1451,49
1451,51
1451,62
1451,224
1451,178
1451,258
1452,238
1453,238
1454,234
1454,235
1454,236
1455,472
1456,472
1457,238
1458,238
1459,238
1460,238
1461,234
1461,235
1461,236
1462,234
1462,235
1462,236
1463,234
1463,235
1463,236
1464,234
1464,235
1464,236
1465,234
1465,235
1465,236
1466,239
1467,239
1468,472
1469,234
1469,179
1469,224
1469,258
1469,665
1470,234
1470,179
1470,224
1470,258
1470,665
1471,237
1472,237
1473,237
1474,76
1474,304
1475,42
1475,253
1476,42
1476,253
1477,42
1477,253
1478,42
1478,253
1479,666
1479,667
1480,666
1480,667
1481,668
1481,24
1481,666
1482,668
1482,24
1482,666
1482,669
1483,668
1483,24
1483,666
1484,668
1484,24
1484,666
1484,669
1485,666
1485,667
1486,666
1486,667
1487,666
1487,667
1488,666
1488,667
1489,666
1489,667
1490,668
1490,24
1490,666
1491,668
1491,24
1491,666
1491,669
1492,666
1492,667
1493,668
1493,24
1493,666
1494,668
1494,24
1494,666
1494,669
1499,62
1499,63
1499,240
1500,62
1500,63
1500,240
1501,22
1501,241
1501,242
1501,243
1502,22
1502,241
1502,242
1502,243
1503,201
1503,228
1503,49
1504,201
1504,228
1504,49
1505,51
1505,63
1506,34
1506,51
1506,62
1506,250
1506,670
1507,34
1507,49
1507,51
1507,62
1508,201
1508,228
1508,49
1509,201
1509,228
1509,49
1510,228
1511,245
1511,228
1511,49
1511,224
1512,245
1512,228
1512,49
1512,224
1513,245
1513,228
1513,49
1513,224
1514,34
1514,49
1514,51
1514,62
1514,465
1515,34
1515,49
1515,51
1515,62
1515,465
1516,34
1516,49
1516,51
1516,62
1516,465
1517,671
1518,34
1518,51
1518,247
1519,34
1519,51
1519,247
1520,34
1520,51
1520,247
1521,34
1521,51
1521,247
1522,34
1522,51
1522,247
1523,201
1523,34
1523,49
1524,201
1524,34
1524,49
1525,201
1525,34
1525,49
1526,672
1527,672
1528,201
1528,34
1528,49
1529,201
1529,34
1529,49
1529,246
1530,201
1530,34
1530,49
1530,246
1531,34
1531,51
1531,247
1532,34
1532,51
1532,247
1533,34
1533,51
1533,247
1534,34
1534,51
1534,247
1535,34
1535,51
1535,247
1536,34
1536,51
1536,247
1537,34
1537,51
1537,247
1538,248
1539,62
1539,63
1539,250
1539,670
1540,62
1540,63
1540,250
1540,670
1541,49
1541,62
1541,63
1542,49
1542,62
1542,63
1542,465
1543,249
1543,49
1544,249
1544,49
1545,673
1546,204
1546,201
1546,34
1546,228
1547,674
1547,51
1548,51
1549,204
1549,201
1549,34
1549,228
1550,675
1551,62
1551,178
1551,255
1552,62
1552,676
1553,62
1554,62
1554,258
1554,63
1554,677
1555,228
1555,62
1555,258
1555,63
1555,677
1555,295
1556,228
1556,62
1556,258
1556,63
1556,677
1556,295
1557,62
1557,258
1557,63
1557,677
1558,472
1559,472
1560,49
1561,678
1561,306
1562,678
1562,306
1563,678
1563,306
1564,679
1564,680
1565,679
1565,680
1566,259
1566,292
1567,371
1567,63
1567,259
1567,292
1568,371
1568,63
1568,259
1568,292
1569,371
1569,63
1569,259
1569,292
1570,681
1571,682
1571,683
1572,684
1572,683
1573,685
1573,686
1574,472
1575,472
1576,472
1577,472
1578,472
1579,472
1580,472
1581,472
1582,472
1583,472
1584,472
1585,472
1586,472
1587,472
1588,687
1589,687
1590,688
1590,610
1591,688
1591,610
1592,689
1593,689
1594,690
1594,691
1594,692
1595,692
1596,691
1597,691
1598,692
1599,692
1600,693
1601,687
1602,693
1603,693
1604,691
1605,691
1606,691
1607,63
1607,179
1607,694
1607,444
1608,694
1608,444
1609,179
1609,76
1609,695
1610,306
1610,696
1610,697
1610,698
1611,699
1611,700
1611,701
1612,702
1612,697
1612,701
1613,63
1613,179
1613,694
1613,444
1614,694
1614,444
1615,179
1615,76
1615,695
1616,703
1616,704
1616,705
1617,263
1617,706
1617,707
1618,708
1618,709
1619,710
1619,711
1620,251
1620,34
1620,49
1620,50
1620,41
1621,251
1621,34
1621,49
1621,50
1621,41
1622,62
1622,179
1623,62
1623,179
1624,251
1624,34
1624,49
1624,50
1624,41
1625,63
1625,712
1625,709
1625,713
1625,714
1626,63
1626,712
1626,709
1626,715
1626,716
1627,63
1627,712
1627,709
1627,715
1627,716
1628,49
1628,62
1628,63
1628,495
1628,42
1629,472
1630,472
1631,9
1631,703
1632,9
1632,703
1633,9
1633,703
1634,472
1635,472
1636,472
1637,472
1638,360
1638,193
1638,204
1638,328
1639,185
1639,210
1639,186
1640,411
1640,259
1640,65
1640,717
1640,718
1641,411
1641,259
1641,65
1641,717
1641,718
1642,411
1642,259
1642,65
1642,717
1642,718
1643,411
1643,259
1643,65
1643,717
1643,718
1644,411
1644,259
1644,65
1644,717
1644,718
1645,411
1645,259
1645,65
1645,717
1645,718
1646,42
1646,65
1646,717
1646,718
1647,42
1647,65
1647,717
1647,718
1648,65
1648,305
1648,719
1649,720
1649,305
1649,721
1650,720
1650,722
1650,723
1650,660
1651,65
1651,717
1651,718
1651,724
1652,65
1652,717
1652,718
1652,724
1653,62
1654,62
1655,64
1656,64
1657,725
1658,42
1659,225
1659,201
1659,34
1659,228
1659,49
1660,34
1660,228
1660,49
1660,252
1661,34
1661,228
1661,49
1661,252
1662,34
1662,228
1662,49
1662,252
1662,42
1662,253
1663,34
1663,228
1663,49
1663,252
1663,42
1663,253
1664,228
1664,49
1664,62
1664,254
1664,253
1665,228
1665,49
1665,62
1665,254
1665,253
1666,51
1666,62
1666,255
1666,42
1667,51
1667,62
1667,179
1667,41
1667,42
1668,62
1668,179
1668,253
1669,62
1669,179
1669,253
1670,255
1671,179
1672,253
1672,726
1673,253
1673,726
1674,228
1674,62
1674,727
1674,728
1675,62
1675,179
1675,253
1676,62
1676,179
1676,253
1677,62
1677,179
1677,253
1678,62
1678,179
1678,253
1679,729
1680,730
1681,229
1681,256
1682,229
1682,256
1683,256
1683,230
1684,228
1684,62
1685,257
1686,257
1687,257
1688,228
1688,51
1688,62
1689,228
1689,51
1689,62
1690,62
1690,179
1690,465
1691,62
1691,179
1691,465
1692,51
1692,62
1692,178
1692,64
1692,295
1692,731
1693,51
1693,62
1693,178
1693,64
1693,295
1693,731
1694,20
1695,516
1696,177
1697,732
1698,20
1698,22
1698,224
1698,258
1698,259
1699,260
1699,261
1700,262
1700,263
1700,264
1700,265
1700,266
1701,262
1701,263
1701,264
1701,265
1701,266
1702,272
1702,262
1702,263
1702,273
1702,274
1702,275
1702,270
1703,267
1703,262
1703,268
1703,269
1703,64
1703,270
1703,271
1704,272
1704,262
1704,263
1704,273
1704,274
1704,275
1704,270
1705,267
1705,262
1705,268
1705,269
1705,64
1705,270
1705,271
1706,272
1706,262
1706,263
1706,273
1706,274
1706,275
1706,270
1707,51
1707,62
1707,76
1707,224
1707,258
1707,259
1708,51
1708,62
1708,76
1708,224
1708,258
1708,259
1709,51
1709,62
1709,179
1709,289
1709,290
1709,291
1709,292
1710,51
1710,62
1710,179
1710,289
1710,290
1710,291
1710,292
1711,51
1711,62
1711,179
1711,289
1711,290
1711,291
1711,292
1712,267
1712,262
1712,268
1712,269
1712,64
1712,270
1712,271
1713,272
1713,262
1713,263
1713,273
1713,274
1713,275
1713,270
1714,478
1714,170
1714,183
1715,293
1715,294
1716,262
1716,263
1716,264
1716,265
1716,266
1717,262
1717,263
1717,264
1717,265
1717,266
1718,51
1718,62
1718,179
1718,289
1718,290
1718,291
1718,292
1719,268
1719,62
1719,289
1719,64
1719,172
1719,295
1719,296
1719,297
1719,298
1719,299
1719,733
1720,268
1720,62
1720,289
1720,64
1720,172
1720,295
1720,270
1720,300
1720,298
1720,296
1720,297
1720,299
1720,733
1721,62
1721,301
1721,255
1721,302
1721,31
1721,303
1721,299
1722,62
1722,301
1722,255
1722,302
1722,31
1722,303
1722,299
1723,270
1723,734
1723,64
1723,735
1723,296
1724,270
1724,734
1724,64
1724,735
1724,296
1725,263
1725,273
1725,262
1725,274
1725,275
1725,271
1726,22
1726,177
1726,736
1726,174
1726,175
1726,77
1726,610
1726,224
1726,259
1726,292
1727,22
1727,499
1727,411
1727,737
1727,224
1727,258
1727,738
1728,62
1728,304
1728,305
1728,23
1728,306
1729,262
1729,21
1729,263
1729,739
1729,295
1729,266
1729,271
1729,697
1729,270
1730,262
1730,263
1730,274
1730,275
1730,271
1731,499
1731,411
1731,174
1731,292
1732,499
1732,411
1732,174
1732,292
1733,22
1733,224
1733,177
1733,258
1733,646
1734,22
1734,224
1734,177
1734,258
1734,646
1735,22
1735,499
1735,411
1735,737
1735,224
1735,258
1735,738
1736,22
1736,499
1736,411
1736,737
1736,224
1736,258
1736,738
1737,22
1737,177
1737,736
1737,174
1737,175
1737,77
1737,610
1737,224
1737,259
1737,292
1738,62
1738,304
1738,305
1738,23
1738,306
1739,268
1739,301
1739,289
1739,64
1739,172
1739,295
1739,266
1739,300
1739,271
1739,298
1740,262
1740,21
1740,263
1740,739
1740,295
1740,266
1740,271
1740,697
1740,270
1741,262
1741,263
1741,274
1741,275
1741,271
1742,22
1742,499
1742,736
1742,174
1742,259
1742,740
1743,255
1743,259
1743,741
1743,742
1743,292
1744,62
1744,255
1744,64
1744,351
1744,702
1744,65
1744,70
1744,743
1745,736
1745,174
1745,175
1745,688
1745,610
1745,744
1745,745
1745,306
1745,746
1746,411
1746,174
1746,747
1746,748
1746,749
1747,411
1747,174
1747,747
1747,748
1747,749
1748,177
1748,499
1748,411
1748,174
1748,747
1749,177
1749,499
1749,411
1749,174
1749,747
1750,177
1750,499
1750,411
1750,174
1750,747
1751,177
1751,499
1751,411
1751,174
1751,747
1752,174
1752,747
1752,748
1752,306
1753,736
1753,174
1753,175
1753,688
1753,610
1753,744
1753,745
1754,174
1754,175
1754,747
1754,610
1754,750
1754,744
1754,745
1755,174
1755,175
1755,747
1755,610
1755,750
1755,744
1755,745
1756,499
1756,411
1756,174
1757,62
1757,307
1758,255
1758,304
1758,751
1758,741
1759,255
1759,304
1759,751
1759,741
1760,255
1760,304
1760,751
1760,741
1761,255
1761,304
1761,751
1761,741
1762,51
1762,751
1762,306
1763,51
1763,751
1763,306
1764,23
1765,23
1766,23
1767,23
1768,23
1769,23
1770,62
1770,308
1770,218
1770,23
1770,368
1771,62
1771,308
1771,218
1771,23
1771,368
1772,175
1772,77
1772,752
1772,247
1772,753
1773,175
1773,77
1773,752
1773,247
1773,753
1774,62
1774,308
1774,218
1774,23
1774,368
1775,62
1775,308
1775,218
1775,23
1775,368
1776,175
1776,77
1776,752
1776,247
1776,753
1777,175
1777,77
1777,752
1777,247
1777,753
1778,263
1778,754
1778,755
1779,263
1779,754
1779,755
1780,472
1781,20
1782,20
1783,756
1784,20
1785,757
1785,758
1786,757
1786,758
1787,310
1787,23
1788,310
1788,311
1789,49
1789,308
1790,263
1790,224
1791,263
1791,224
1792,309
1792,23
1793,310
1793,311
1794,34
1794,49
1794,308
1795,310
1795,311
1796,310
1796,311
1797,310
1797,311
1798,49
1799,49
1800,34
1800,49
1800,313
1801,49
1801,34
1801,313
1802,49
1802,222
1802,224
1803,49
1803,222
1803,224
1804,237
1804,23
1805,237
1805,23
1806,237
1806,23
1807,314
1808,34
1808,49
1808,313
1809,314
1809,34
1809,49
1809,313
1810,309
1811,309
1812,309
1812,23
1813,309
1813,23
1814,310
1814,263
1814,224
1815,310
1815,224
1816,262
1816,224
1817,262
1817,224
1818,263
1818,224
1819,263
1819,183
1820,262
1820,224
1821,262
1821,224
1822,310
1822,311
1823,49
1823,222
1824,312
1824,311
1825,312
1825,311
1826,312
1826,311
1827,34
1828,34
1828,49
1828,313
1829,34
1829,222
1830,34
1830,222
1831,49
1831,759
1831,222
1831,224
1832,63
1832,64
1832,295
1832,444
1832,760
1832,761
1833,63
1833,64
1833,295
1833,444
1833,761
1834,64
1834,762
1834,444
1835,41
1835,601
1836,22
1836,242
1836,736
1836,175
1836,259
1837,22
1837,242
1837,736
1837,175
1837,259
1838,62
1838,63
1838,64
1838,259
1838,760
1839,63
1839,64
1839,444
1839,760
1839,761
1840,63
1840,754
1840,762
1840,444
1841,19
1841,22
1841,736
1841,645
1841,259
1842,22
1842,736
1842,175
1842,645
1842,259
1843,763
1843,64
1844,444
1844,764
1844,765
1845,444
1845,764
1845,765
1846,64
1846,295
1846,352
1846,65
1846,764
1846,726
1847,64
1847,295
1847,352
1847,65
1847,764
1847,726
1848,64
1848,295
1848,352
1848,764
1848,726
1849,64
1849,295
1849,352
1849,764
1849,726
1850,63
1850,64
1850,295
1850,444
1850,761
1851,64
1851,762
1851,444
1852,22
1852,736
1852,175
1852,645
1852,259
1853,763
1853,64
1854,444
1854,764
1854,765
1855,444
1855,764
1855,765
1856,64
1856,295
1856,352
1856,65
1856,764
1856,726
1857,64
1857,295
1857,352
1857,65
1857,764
1857,726
1858,64
1858,295
1858,352
1858,764
1858,726
1859,64
1859,295
1859,352
1859,764
1859,726
1860,63
1860,64
1860,295
1860,444
1860,761
1861,64
1861,762
1861,444
1862,22
1862,736
1862,175
1862,645
1862,259
1863,763
1863,64
1864,444
1864,764
1864,765
1865,444
1865,764
1865,765
1866,64
1866,295
1866,352
1866,65
1866,764
1866,726
1867,64
1867,295
1867,352
1867,65
1867,764
1867,726
1868,64
1868,295
1868,352
1868,764
1868,726
1869,64
1869,295
1869,352
1869,764
1869,726
1870,63
1870,64
1870,295
1870,444
1870,761
1871,64
1871,762
1871,444
1872,62
1872,63
1872,64
1872,259
1872,760
1873,63
1873,64
1873,444
1873,760
1873,761
1874,63
1874,754
1874,762
1874,444
1875,341
1875,416
1875,19
1876,341
1876,416
1876,19
1876,51
1877,22
1877,517
1878,22
1878,62
1879,747
1879,766
1879,767
1880,768
1881,543
1881,544
1882,543
1882,544
1883,543
1883,544
1883,545
1884,543
1884,544
1885,769
1885,770
1885,771
1886,769
1886,770
1886,772
1887,315
1888,315
1889,228
1889,51
1889,195
1889,368
1890,228
1890,51
1890,195
1890,368
1891,62
1891,64
1891,677
1891,764
1891,726
1892,62
1892,64
1892,677
1892,764
1892,726
1893,193
1893,204
1893,34
1893,49
1893,358
1894,62
1894,64
1894,677
1894,764
1894,726
1895,62
1895,64
1895,677
1895,764
1895,726
1896,179
1896,773
1896,65
1897,179
1897,773
1897,65
1898,774
1898,775
1899,179
1899,773
1899,65
1900,186
1900,19
1900,489
1901,62
1901,53
1901,42
1902,62
1902,53
1902,42
1903,774
1903,776
1904,774
1904,776
1905,63
1905,64
1905,741
1906,63
1906,64
1906,741
1907,242
1907,174
1907,777
1907,778
1908,64
1908,542
1908,777
1908,779
1909,542
1909,725
1909,768
1909,764
1909,780
1909,781
1910,62
1910,53
1910,42
1911,62
1911,53
1911,42
1912,49
1912,62
1912,254
1912,41
1912,42
1913,49
1913,62
1913,254
1913,41
1913,42
1914,361
1914,782
1914,262
1914,254
1914,41
1914,495
1915,361
1915,782
1915,262
1915,254
1915,41
1915,495
1916,63
1916,291
1916,292
1917,63
1917,64
1917,741
1918,62
1918,179
1918,42
1919,62
1919,179
1919,42
1920,782
1920,262
1920,62
1920,179
1920,41
1920,495
1920,42
1921,782
1921,262
1921,62
1921,179
1921,41
1921,495
1921,42
1922,783
1923,783
1924,784
1924,785
1924,700
1925,784
1925,785
1925,700
1926,784
1926,785
1926,700
1927,784
1927,785
1927,700
1928,784
1928,785
1928,700
1929,184
1929,210
1929,316
1930,786
1930,787
1931,341
1931,19
1931,22
1936,34
1936,49
1936,262
1936,51
1936,328
1936,182
1936,183
1937,34
1937,49
1937,262
1937,51
1937,328
1937,182
1937,183
1938,251
1938,361
1938,34
1938,202
1938,169
1938,788
1939,251
1939,361
1939,34
1939,202
1939,169
1939,788
1940,251
1940,361
1940,34
1940,202
1940,169
1940,788
1943,177
1943,411
1943,174
1944,411
1944,174
1945,789
1945,790
1946,184
1946,210
1946,186
1946,727
1946,791
1947,184
1947,210
1947,186
1947,727
1947,791
1947,792
1948,184
1948,210
1948,186
1948,262
1948,334
1948,335
1948,49
1949,184
1949,210
1949,186
1949,262
1949,334
1949,335
1949,49
1950,204
1950,793
1950,478
1950,169
1950,794
1951,204
1951,793
1951,478
1951,169
1951,794
1954,204
1954,793
1954,478
1954,169
1954,794
1955,204
1955,793
1955,478
1955,169
1955,794
1956,185
1956,516
1957,185
1957,210
1957,795
1957,516
1958,185
1958,210
1958,795
1958,516
1959,185
1959,210
1959,795
1959,516
1960,184
1960,210
1960,19
1960,516
1960,22
1961,184
1961,210
1961,19
1961,516
1961,22
1962,184
1962,210
1962,19
1962,516
1962,22
1963,184
1963,210
1963,19
1963,516
1963,22
1964,210
1964,19
1964,516
1965,341
1965,20
1965,62
1966,172
1966,796
1967,22
1967,230
1967,322
1967,402
1967,444
1967,460
1967,765
1967,797
1968,339
1969,339
1970,798
1971,799
1971,20
1971,334
1972,186
1972,19
1972,800
1972,218
1972,20
1972,22
1972,460
1973,20
1973,801
1973,802
1974,49
1974,51
1974,62
1974,178
1974,179
1974,402
1974,325
1975,49
1975,51
1975,62
1975,178
1975,179
1975,402
1975,325
1976,49
1976,51
1976,62
1976,178
1976,406
1976,402
1976,325
1977,49
1977,51
1977,62
1977,178
1977,406
1977,402
1977,325
1978,49
1978,51
1978,62
1978,407
1978,406
1978,402
1978,325
1979,49
1979,51
1979,62
1979,407
1979,406
1979,402
1979,325
1980,49
1980,51
1980,62
1980,407
1980,406
1980,402
1980,325
1981,49
1981,51
1981,62
1981,407
1981,406
1981,402
1981,325
1982,62
1982,53
1982,42
1983,41
1983,42
1984,62
1984,53
1984,42
1985,41
1985,42
1986,62
1986,53
1986,42
1987,41
1987,42
1988,41
1988,601
1989,803
1989,20
1989,177
1989,804
1989,805
1989,806
1990,41
1990,601
1991,184
1991,185
1991,341
1991,186
1991,19
1991,342
1991,343
1992,184
1992,185
1992,341
1992,186
1992,19
1992,342
1992,343
1993,184
1993,185
1993,186
1993,19
1994,184
1994,185
1994,186
1994,19
1994,807
1994,371
1995,194
1995,34
1995,49
1995,344
1995,345
1995,346
1996,193
1996,204
1996,34
1996,49
1996,466
1996,600
1997,185
1997,186
1997,19
1997,20
1997,198
1997,199
1997,348
1997,248
1998,185
1998,186
1998,19
1998,62
1998,371
1998,199
1998,348
1999,185
1999,186
1999,19
1999,20
1999,198
1999,199
1999,348
1999,248
2000,34
2000,49
2000,62
2000,349
2000,350
2001,204
2001,262
2001,727
2001,182
2001,183
2002,34
2002,49
2002,808
2002,600
2002,348
2003,34
2003,49
2003,808
2003,600
2003,348
2004,341
2004,49
2004,371
2004,199
2005,49
2005,51
2005,62
2005,723
2005,23
2005,368
2006,49
2006,51
2006,62
2006,723
2006,23
2006,368
2007,49
2007,51
2007,62
2007,723
2007,23
2007,368
2008,204
2008,49
2008,809
2008,600
2008,348
2009,204
2009,49
2009,809
2009,600
2009,348
2010,600
2010,810
2010,348
2011,600
2011,810
2011,348
2012,204
2012,49
2012,809
2012,600
2012,348
2013,6
2014,49
2014,176
2015,34
2015,49
2015,344
2015,345
2015,346
2016,248
2017,347
2018,34
2018,49
2018,344
2018,345
2018,346
2019,34
2019,49
2019,344
2019,345
2019,346
2020,248
2021,49
2021,62
2021,350
2022,34
2022,49
2022,62
2022,349
2022,350
2023,176
2023,811
2024,62
2024,199
2024,602
2024,603
2024,444
2024,604
2025,62
2025,199
2025,602
2025,603
2025,444
2025,604
2026,62
2026,199
2026,602
2026,603
2026,444
2026,604
2027,62
2027,199
2027,602
2027,603
2027,444
2027,604
2028,62
2028,199
2028,602
2028,603
2028,444
2028,604
2029,62
2029,199
2029,602
2029,603
2029,444
2029,604
2030,348
2030,602
2030,605
2031,348
2031,602
2031,605
2032,348
2032,602
2032,605
2033,348
2033,602
2033,605
2034,348
2034,602
2034,605
2035,348
2035,602
2035,605
2036,348
2036,602
2036,605
2037,348
2037,602
2037,605
2038,41
2038,601
2039,41
2039,601
2040,77
2040,812
2040,813
2040,614
2040,615
2041,812
2041,750
2041,813
2041,614
2041,615
2042,813
2042,745
2042,614
2042,615
2042,814
2042,617
2043,688
2043,815
2043,816
2043,817
2043,814
2044,688
2044,818
2044,815
2044,816
2044,814
2045,688
2045,815
2045,816
2045,817
2045,814
2046,688
2046,818
2046,608
2046,817
2046,814
2047,688
2047,818
2047,608
2047,817
2047,814
2048,688
2048,818
2048,608
2048,817
2048,814
2049,688
2049,818
2049,815
2049,816
2049,744
2049,817
2049,814
2049,819
2050,411
2050,174
2050,820
2050,688
2050,744
2050,817
2051,821
2051,688
2051,817
2052,814
2052,616
2052,819
2053,816
2053,817
2053,814
2053,819
2054,688
2054,818
2054,815
2054,816
2054,814
2055,814
2055,819
2056,822
2056,823
2057,814
2057,616
2057,819
2058,818
2058,817
2058,814
2058,819
2059,818
2059,817
2059,814
2059,819
2060,688
2060,818
2060,608
2060,817
2060,814
2061,185
2061,341
2061,416
2062,185
2062,341
2062,416
2063,472
2064,185
2064,341
2064,416
2065,185
2065,341
2065,416
2066,472
2067,341
2067,416
2067,19
2068,341
2068,416
2068,19
2069,19
2070,19
2071,19
2071,22
2072,19
2072,22
2073,737
2073,175
2073,77
2073,354
2074,22
2075,22
2076,177
2077,177
2078,499
2079,499
2079,242
2079,737
2080,19
2081,19
2082,824
2082,20
2082,22
2083,22
2084,750
2084,825
2084,744
2084,826
2085,411
2085,737
2086,175
2087,351
2087,352
2088,351
2088,352
2089,351
2089,352
2090,351
2090,352
2091,351
2091,352
2092,351
2092,352
2093,351
2093,352
2094,351
2094,352
2095,351
2095,352
2096,353
2096,351
2097,353
2097,351
2098,353
2098,351
2099,353
2099,351
2100,353
2100,351
2101,353
2101,351
2102,737
2102,175
2102,77
2102,354
2103,354
2103,355
2104,354
2104,355
2105,354
2105,355
2106,827
2107,827
2108,827
2109,827
2110,827
2111,827
2112,237
2113,411
2114,237
2115,175
2116,175
2117,828
2118,179
2118,356
2118,172
2119,356
2119,304
2119,172
2119,353
2120,356
2120,304
2120,172
2120,353
2121,62
2121,64
2121,829
2121,70
2122,812
2122,825
2122,700
2122,292
2123,700
2123,830
2123,831
2124,700
2124,830
2124,831
2125,700
2125,830
2125,831
2126,700
2126,830
2126,831
2127,832
2128,513
2128,514
2128,185
2129,515
2130,204
2130,34
2130,49
2130,197
2130,358
2130,198
2130,833
2130,834
2130,835
2131,204
2131,34
2131,49
2131,362
2132,204
2132,34
2132,49
2132,362
2133,360
2133,204
2133,361
2133,262
2133,362
2134,363
2135,364
2136,27
2137,248
2138,195
2138,49
2138,62
2139,195
2139,49
2139,62
2140,836
2140,489
2140,837
2141,836
2141,489
2141,837
2142,34
2142,365
2142,366
2143,34
2143,365
2143,366
2144,34
2144,365
2144,366
2145,361
2145,35
2145,49
2145,62
2145,727
2145,182
2145,183
2146,361
2146,35
2146,49
2146,62
2146,727
2146,182
2146,183
2147,361
2147,35
2147,49
2147,62
2147,727
2147,182
2147,183
2148,361
2148,35
2148,49
2148,62
2148,727
2148,182
2148,183
2149,251
2149,361
2149,782
2149,49
2149,262
2149,21
2149,727
2149,182
2149,800
2150,251
2150,361
2150,782
2150,49
2150,262
2150,21
2150,727
2150,182
2150,800
2151,251
2151,361
2151,782
2151,49
2151,262
2151,21
2151,727
2151,182
2151,800
2152,248
2152,366
2153,210
2153,186
2153,19
2153,489
2154,471
2155,471
2156,185
2156,210
2156,341
2157,838
2157,839
2157,489
2157,840
2157,841
2158,62
2158,53
2158,42
2158,65
2159,62
2159,53
2159,42
2159,65
2160,62
2160,53
2160,42
2160,65
2161,62
2161,53
2161,42
2161,65
2162,62
2162,53
2162,42
2162,65
2163,62
2163,53
2163,42
2163,65
2164,543
2164,544
2165,22
2166,177
2167,842
2168,843
2168,544
2168,844
2168,845
2169,22
2170,22
2170,263
2171,22
2171,263
2171,517
2172,62
2172,255
2172,179
2173,22
2173,263
2173,499
2173,367
2173,243
2174,22
2174,263
2174,499
2174,367
2174,243
2175,62
2175,263
2175,255
2175,367
2175,368
2176,62
2176,263
2176,255
2176,367
2176,368
2177,51
2177,846
2177,368
2177,445
2178,51
2178,846
2178,368
2178,445
2179,51
2179,846
2179,368
2179,445
2180,51
2180,846
2180,368
2180,445
2181,51
2181,846
2181,368
2181,445
2182,51
2182,846
2182,368
2182,445
2183,62
2183,255
2183,367
2183,723
2183,199
2183,368
2183,306
2184,62
2184,255
2184,367
2184,723
2184,199
2184,368
2184,306
2185,62
2185,255
2185,367
2185,723
2185,199
2185,368
2185,306
2186,62
2186,255
2186,367
2186,723
2186,199
2186,368
2186,306
2187,62
2188,472
2189,472
2190,391
2190,374
2190,42
2191,391
2191,374
2191,42
2192,369
2192,34
2192,82
2192,49
2192,51
2192,59
2192,370
2192,41
2192,42
2193,847
2193,377
2193,41
2194,193
2194,34
2194,390
2194,50
2194,848
2195,376
2195,82
2195,370
2195,41
2195,42
2196,376
2196,82
2196,370
2196,41
2196,42
2197,51
2197,62
2197,371
2197,199
2198,53
2199,34
2199,49
2199,51
2199,62
2199,371
2199,53
2200,210
2200,186
2200,19
2200,50
2200,372
2200,53
2201,373
2202,49
2202,21
2202,374
2202,42
2203,49
2203,21
2203,374
2203,42
2204,375
2204,376
2204,377
2204,41
2205,376
2205,369
2205,82
2205,49
2205,378
2205,41
2206,376
2206,369
2206,82
2206,49
2206,378
2206,41
2207,193
2207,34
2207,49
2207,51
2207,62
2207,371
2207,381
2208,204
2208,34
2208,49
2208,50
2208,372
2208,53
2209,82
2209,378
2210,82
2210,378
2211,62
2212,382
2213,377
2214,82
2214,42
2215,82
2215,42
2216,382
2217,849
2218,383
2219,376
2219,369
2219,82
2219,49
2219,378
2219,41
2220,34
2220,49
2220,371
2221,34
2221,49
2221,51
2221,371
2221,199
2222,369
2222,82
2222,377
2222,378
2222,370
2222,41
2222,42
2223,376
2223,850
2223,851
2223,42
2223,456
2224,456
2224,370
2224,42
2225,376
2225,850
2225,851
2225,42
2225,456
2226,456
2226,370
2226,42
2227,21
2227,76
2227,53
2228,385
2229,386
2230,385
2231,369
2231,34
2231,82
2231,49
2231,51
2231,59
2231,41
2231,42
2231,66
2232,369
2232,34
2232,82
2232,49
2232,51
2232,59
2232,41
2232,42
2233,369
2233,82
2233,377
2233,378
2233,370
2233,41
2233,42
2234,369
2234,82
2234,377
2234,378
2234,370
2234,41
2234,42
2235,19
2235,20
2235,371
2235,852
2235,230
2236,34
2236,49
2236,51
2236,21
2236,389
2236,53
2237,49
2237,51
2237,62
2237,371
2237,42
2238,204
2238,361
2238,82
2238,50
2238,41
2239,204
2239,34
2239,49
2239,390
2239,50
2239,53
2240,204
2240,34
2240,49
2240,390
2240,50
2240,53
2241,193
2241,204
2241,34
2241,50
2241,381
2242,193
2242,204
2242,34
2242,50
2242,381
2243,375
2243,376
2243,369
2243,50
2244,375
2244,376
2244,369
2244,50
2245,375
2245,376
2245,377
2246,375
2246,376
2246,377
2247,391
2248,391
2249,53
2250,853
2250,854
2250,855
2251,375
2251,376
2251,377
2252,82
2252,370
2252,42
2253,82
2253,370
2253,42
2254,369
2254,82
2254,378
2254,370
2254,41
2254,42
2255,369
2255,82
2255,378
2255,370
2255,41
2255,42
2256,369
2256,82
2256,378
2256,370
2256,41
2256,42
2257,369
2257,82
2257,378
2257,370
2257,41
2257,42
2258,456
2258,457
2258,376
2258,850
2258,851
2258,42
2258,458
2259,456
2259,457
2259,370
2259,42
2260,456
2260,457
2260,376
2260,850
2260,851
2260,42
2260,458
2261,456
2261,457
2261,370
2261,42
2262,370
2262,42
2263,370
2263,42
2264,34
2264,49
2264,51
2264,62
2264,381
2264,53
2265,34
2265,49
2265,51
2265,62
2265,381
2265,53
2266,21
2266,53
2267,21
2267,53
2268,369
2268,82
2268,54
2268,378
2268,370
2268,199
2268,42
2269,369
2269,82
2269,54
2269,378
2269,370
2269,199
2269,42
2270,66
2270,42
2271,66
2271,42
2272,204
2272,34
2272,49
2272,390
2272,50
2272,53
2273,204
2273,34
2273,49
2273,50
2273,53
2274,376
2274,377
2274,41
2275,21
2275,62
2275,392
2275,53
2275,42
2275,65
2276,82
2276,378
2276,370
2276,351
2276,41
2276,42
2277,82
2277,378
2277,370
2277,351
2277,41
2277,42
2278,82
2278,378
2278,370
2278,351
2278,41
2278,42
2279,82
2279,378
2279,370
2279,351
2279,41
2279,42
2280,856
2281,856
2282,857
2283,857
2284,369
2284,82
2284,378
2284,41
2284,42
2285,369
2285,82
2285,378
2285,41
2285,42
2286,255
2286,23
2287,172
2287,23
2287,741
2288,178
2288,858
2289,178
2289,858
2290,178
2290,858
2291,178
2291,858
2292,859
2292,860
2292,861
2293,172
2293,69
2294,248
2295,459
2296,393
2297,49
2297,62
2298,49
2298,62
2299,228
2299,62
2300,228
2300,62
2301,393
2302,49
2302,62
2303,49
2303,62
2304,228
2304,62
2305,228
2305,62
2306,393
2307,393
2308,394
2309,393
2310,393
2311,394
2312,394
2313,394
2314,62
2314,64
2314,397
2315,62
2315,64
2315,397
2316,62
2316,64
2316,397
2317,862
2317,863
2318,864
2319,865
2319,201
2319,311
2320,398
2320,228
2321,193
2321,204
2321,399
2322,184
2322,341
2323,229
2324,204
2324,201
2324,228
2324,49
2324,328
2325,193
2325,201
2326,866
2327,49
2328,22
2328,242
2328,737
2328,77
2328,198
2332,34
2332,49
2332,51
2332,342
2332,183
2332,465
2333,34
2333,49
2333,51
2333,342
2333,183
2333,465
2334,34
2334,49
2334,51
2334,342
2334,183
2334,465
2335,19
2335,22
2336,19
2336,22
2337,34
2337,49
2337,51
2337,198
2337,465
2338,34
2338,49
2338,51
2338,198
2338,465
2339,34
2339,49
2339,51
2339,198
2339,465
2340,34
2340,49
2340,51
2340,198
2340,465
2341,204
2341,867
2341,868
2341,869
2341,870
2342,204
2342,867
2342,868
2342,869
2342,870
2343,204
2343,867
2343,868
2343,869
2343,870
2344,229
2345,229
2346,34
2346,49
2346,51
2346,198
2346,465
2347,34
2347,49
2347,51
2347,198
2347,465
2348,34
2348,49
2348,51
2348,342
2348,183
2348,465
2349,34
2349,49
2349,51
2349,342
2349,183
2349,465
2350,229
2351,34
2351,49
2351,51
2351,198
2351,465
2352,871
2353,459
2354,248
2355,434
2356,62
2356,63
2356,356
2356,872
2356,604
2356,731
2357,62
2357,356
2357,872
2357,604
2357,731
2358,873
2359,22
2359,242
2360,62
2360,356
2360,702
2360,646
2360,259
2360,292
2361,874
2362,875
2362,876
2362,877
2362,878
2363,697
2363,879
2364,702
2364,725
2364,879
2365,766
2365,610
2365,292
2365,665
2365,880
2366,766
2366,610
2366,292
2366,665
2366,880
2367,766
2367,610
2367,292
2367,665
2367,880
2368,766
2368,610
2368,292
2368,665
2368,880
2369,610
2369,665
2369,881
2370,610
2370,665
2370,881
2371,242
2371,882
2371,750
2371,883
2371,884
2371,779
2371,885
2372,242
2372,882
2372,750
2372,883
2372,884
2372,779
2372,885
2373,242
2373,882
2373,750
2373,883
2373,884
2373,779
2373,885
2374,242
2374,882
2374,750
2374,883
2374,884
2374,779
2374,885
2375,702
2375,725
2375,879
2376,702
2376,657
2376,735
2376,886
2378,356
2378,292
2378,306
2378,353
2378,702
2379,356
2379,292
2379,306
2379,353
2379,702
2380,356
2380,760
2380,306
2380,295
2380,702
2381,356
2381,777
2381,292
2381,887
2382,229
2383,229
2384,248
2385,256
2386,888
2387,41
2387,601
2388,62
2389,51
2389,62
2389,63
2389,23
2390,889
2390,890
2391,62
2391,179
2391,183
2391,465
2391,864
2392,62
2392,179
2392,465
2393,62
2393,263
2393,440
2393,891
2393,273
2394,401
2394,341
2394,228
2394,226
2395,401
2395,341
2395,228
2395,226
2396,401
2396,341
2396,228
2396,226
2397,401
2397,341
2397,228
2397,226
2398,892
2399,179
2400,411
2401,411
2402,341
2402,416
2402,893
2403,230
2404,22
2405,22
2406,22
2407,22
2408,184
2408,185
2408,341
2409,184
2409,185
2409,341
2410,184
2410,185
2410,341
2411,416
2412,185
2413,185
2414,341
2415,341
2416,842
2417,22
2418,411
2419,22
2419,517
2420,517
2421,177
2422,179
2423,179
2424,22
2425,22
2426,19
2426,22
2427,19
2427,22
2428,41
2428,601
2429,184
2429,210
2429,316
2430,894
2431,34
2431,49
2431,262
2431,51
2431,334
2431,335
2431,403
2432,34
2432,49
2432,262
2432,51
2432,334
2432,335
2432,403
2433,34
2433,49
2433,262
2433,51
2433,328
2433,182
2433,183
2434,34
2434,49
2434,262
2434,51
2434,328
2434,182
2434,183
2435,34
2435,49
2435,262
2435,51
2435,328
2435,182
2435,183
2436,341
2436,19
2437,341
2437,19
2438,341
2438,19
2438,20
2438,248
2439,256
2439,321
2439,322
2439,325
2440,256
2440,321
2440,322
2440,325
2441,204
2441,34
2441,49
2441,51
2441,62
2441,218
2441,23
2441,368
2442,204
2442,34
2442,49
2442,51
2442,62
2442,178
2442,218
2442,23
2442,368
2443,34
2443,49
2443,262
2443,51
2443,334
2443,335
2443,403
2444,248
2445,49
2445,51
2445,62
2445,404
2446,895
2447,896
2447,897
2448,393
2449,341
2449,19
2449,20
2449,516
2450,341
2450,19
2450,20
2450,516
2451,186
2451,19
2451,804
2451,20
2451,22
2451,460
2452,20
2452,22
2452,248
2452,895
2453,186
2453,19
2453,804
2453,20
2453,22
2453,460
2454,20
2454,22
2454,248
2454,895
2455,210
2455,341
2456,341
2456,328
2456,182
2457,210
2457,186
2457,898
2457,19
2458,193
2458,204
2458,34
2458,334
2458,335
2459,193
2459,204
2459,34
2459,334
2459,335
2460,193
2460,204
2460,34
2460,334
2460,335
2461,49
2462,49
2462,51
2463,405
2464,405
2465,204
2465,793
2465,478
2465,169
2465,794
2466,204
2466,793
2466,478
2466,169
2466,794
2467,62
2467,178
2467,172
2467,645
2467,444
2467,760
2468,178
2468,368
2468,172
2468,295
2469,204
2469,793
2469,478
2469,169
2469,794
2470,204
2470,793
2470,478
2470,169
2470,794
2471,172
2471,295
2471,292
2471,899
2472,172
2472,295
2472,292
2472,899
2473,210
2473,186
2474,49
2475,22
2475,230
2475,444
2475,460
2475,765
2476,22
2476,230
2476,444
2476,460
2476,765
2477,34
2477,49
2478,34
2478,51
2478,334
2479,49
2479,51
2479,62
2479,178
2479,406
2479,402
2479,325
2480,49
2480,51
2480,62
2480,178
2480,406
2480,402
2480,325
2481,49
2481,51
2481,62
2481,407
2481,406
2481,402
2481,325
2482,49
2482,51
2482,62
2482,407
2482,406
2482,402
2482,325
2483,49
2483,51
2483,62
2483,407
2483,406
2483,402
2483,325
2484,49
2484,51
2484,62
2484,407
2484,406
2484,402
2484,325
2485,62
2485,53
2485,42
2486,41
2486,42
2487,62
2487,53
2487,42
2488,41
2488,42
2489,62
2489,53
2489,42
2490,41
2490,42
2491,49
2491,51
2491,178
2491,218
2491,199
2492,370
2492,42
2492,900
2493,370
2493,42
2493,900
2494,408
2494,370
2494,42
2495,186
2495,19
2495,21
2495,22
2495,499
2496,210
2497,210
2498,901
2498,416
2499,341
2499,902
2500,901
2500,416
2501,341
2501,19
2502,903
2503,341
2503,19
2504,186
2504,19
2504,21
2504,22
2504,499
2505,410
2505,391
2505,411
2505,41
2505,42
2505,374
2506,34
2506,49
2506,21
2506,62
2506,412
2506,413
2506,199
2507,34
2507,49
2507,21
2507,62
2507,412
2507,413
2507,199
2508,34
2508,49
2508,21
2508,62
2508,412
2508,413
2508,199
2509,34
2509,49
2509,21
2509,62
2509,412
2509,413
2509,199
2510,34
2510,49
2510,21
2510,62
2510,412
2510,413
2510,199
2511,416
2511,19
2511,222
2512,186
2512,19
2512,371
2512,53
2513,34
2513,49
2513,41
2513,53
2513,42
2514,34
2514,49
2514,41
2514,53
2514,42
2515,34
2515,49
2515,41
2515,53
2515,42
2516,34
2516,49
2516,41
2516,53
2516,42
2517,34
2517,49
2517,41
2517,53
2517,42
2518,199
2518,62
2518,42
2518,65
2519,62
2519,42
2519,436
2520,377
2520,370
2520,904
2521,20
2521,905
2521,62
2522,414
2522,415
2523,42
2525,42
2526,193
2526,204
2526,34
2526,49
2526,50
2527,341
2527,416
2527,49
2528,341
2528,416
2528,222
2529,49
2529,51
2530,341
2530,416
2530,19
2530,308
2530,20
2531,905
2532,905
2533,417
2533,51
2533,418
2534,20
2535,186
2535,19
2535,20
2535,198
2536,186
2536,19
2536,20
2536,198
2536,53
2537,186
2537,19
2537,20
2537,198
2537,53
2538,186
2538,19
2538,20
2538,198
2539,417
2539,419
2540,417
2540,419
2541,414
2541,415
2542,414
2542,415
2543,34
2543,49
2543,51
2543,62
2543,381
2543,53
2543,420
2544,421
2544,53
2544,422
2545,414
2546,421
2546,53
2546,422
2547,34
2547,49
2547,51
2547,62
2547,381
2547,53
2547,420
2548,53
2549,421
2549,62
2550,34
2550,49
2550,51
2550,62
2550,371
2550,42
2551,62
2551,42
2551,501
2552,34
2552,49
2552,51
2552,62
2552,371
2552,42
2553,393
2554,34
2554,49
2554,51
2554,62
2554,371
2554,42
2555,424
2556,82
2556,49
2556,378
2556,41
2556,42
2557,369
2557,34
2557,82
2557,49
2557,378
2557,41
2557,42
2558,369
2558,34
2558,82
2558,49
2558,378
2558,41
2558,42
2559,425
2560,370
2561,369
2561,34
2561,82
2561,49
2561,378
2561,41
2561,42
2562,369
2562,34
2562,82
2562,49
2562,378
2562,41
2562,42
2563,370
2564,376
2564,369
2564,82
2564,377
2564,54
2564,378
2564,41
2564,42
2565,41
2565,42
2566,376
2566,369
2566,82
2566,377
2566,54
2566,378
2566,41
2566,42
2567,41
2567,42
2568,425
2569,426
2570,370
2571,374
2572,374
2573,376
2573,369
2573,82
2573,377
2573,41
2573,42
2574,376
2574,82
2574,377
2574,42
2575,376
2575,82
2575,377
2575,42
2576,41
2576,42
2576,374
2577,425
2578,425
2579,426
2580,370
2581,374
2582,374
2583,341
2583,416
2583,222
2584,341
2584,19
2584,20
2584,222
2584,308
2584,906
2585,417
2585,419
2586,34
2586,49
2586,51
2586,62
2586,371
2586,42
2587,907
2587,369
2587,34
2587,82
2587,49
2587,378
2587,41
2587,42
2588,908
2589,908
2590,908
2590,19
2591,908
2591,19
2592,908
2593,908
2594,908
2594,19
2595,908
2595,19
2596,255
2596,65
2596,764
2597,255
2597,65
2597,764
2598,255
2598,65
2598,764
2599,184
2599,186
2599,188
2599,50
2599,909
2600,82
2600,378
2600,370
2600,910
2601,82
2601,378
2601,370
2601,910
2602,82
2602,378
2602,370
2602,910
2603,199
2603,62
2603,42
2603,65
2604,62
2604,42
2604,436
2605,377
2605,370
2605,904
2606,911
2606,912
2607,911
2607,912
2608,913
2608,914
2608,915
2608,916
2609,913
2609,914
2609,915
2609,916
2610,51
2610,62
2610,413
2610,53
2610,42
2610,65
2611,51
2611,62
2611,413
2611,53
2611,42
2611,65
2612,51
2612,62
2612,413
2612,53
2612,42
2612,65
2613,51
2613,62
2613,413
2613,53
2613,42
2613,65
2614,51
2614,62
2614,413
2614,53
2614,42
2614,65
2615,51
2615,62
2615,429
2615,53
2615,42
2615,65
2616,51
2616,62
2616,413
2616,53
2616,42
2616,65
2617,51
2617,62
2617,429
2617,53
2617,42
2617,65
2618,34
2618,49
2618,378
2618,62
2618,42
2619,34
2619,49
2619,378
2619,62
2619,42
2620,34
2620,49
2620,378
2620,62
2620,42
2621,34
2621,49
2621,378
2621,62
2621,42
2622,34
2622,49
2622,378
2622,62
2622,42
2623,34
2623,49
2623,378
2623,62
2623,42
2624,82
2624,377
2624,378
2624,370
2624,41
2624,42
2625,82
2625,377
2625,378
2625,370
2625,41
2625,42
2626,82
2626,377
2626,378
2626,370
2626,41
2626,42
2627,82
2627,377
2627,378
2627,370
2627,41
2627,42
2628,917
2629,82
2629,918
2630,82
2630,918
2631,430
2632,430
2633,193
2633,376
2634,193
2634,204
2634,369
2634,34
2634,390
2634,50
2634,41
2635,919
2635,920
2636,184
2636,341
2636,186
2636,246
2636,371
2637,193
2637,34
2637,50
2637,432
2637,433
2638,193
2638,34
2638,50
2638,432
2638,433
2639,193
2639,34
2639,50
2639,432
2639,433
2639,49
2640,193
2640,204
2640,369
2640,34
2640,390
2640,50
2640,41
2641,919
2641,920
2642,193
2642,34
2642,50
2642,432
2642,433
2642,53
2643,184
2643,185
2643,341
2644,184
2644,185
2644,341
2645,184
2645,185
2645,341
2646,921
2647,370
2648,82
2648,378
2649,49
2650,82
2650,378
2651,49
2652,82
2652,51
2652,370
2653,341
2653,416
2653,19
2653,22
2654,341
2654,416
2654,19
2655,341
2655,416
2655,19
2656,82
2656,370
2656,42
2657,49
2657,51
2658,391
2658,374
2658,42
2659,391
2659,374
2659,42
2660,341
2660,19
2661,82
2661,370
2661,42
2662,82
2662,370
2662,42
2663,82
2663,370
2663,42
2664,82
2664,370
2664,42
2665,369
2665,82
2665,54
2665,59
2665,41
2665,42
2666,369
2666,82
2666,54
2666,59
2666,41
2666,42
2667,376
2667,369
2667,377
2667,378
2667,41
2667,42
2668,341
2668,19
2669,341
2669,19
2670,341
2670,19
2671,341
2671,19
2672,341
2672,19
2673,19
2673,22
2673,411
2673,222
2673,308
2674,22
2674,411
2674,413
2674,198
2674,199
2674,434
2675,22
2675,411
2675,413
2675,198
2675,199
2675,434
2676,22
2676,411
2676,413
2676,198
2676,199
2676,434
2677,22
2677,411
2677,413
2677,198
2677,199
2677,434
2678,22
2678,411
2678,413
2678,198
2678,199
2678,434
2679,22
2679,411
2679,413
2679,198
2679,199
2679,434
2680,62
2680,5
2680,53
2680,435
2681,62
2681,5
2681,53
2681,435
2682,62
2682,42
2682,436
2683,62
2683,42
2683,436
2684,62
2684,42
2684,436
2686,377
2686,370
2686,904
2687,376
2687,377
2687,370
2687,42
2688,186
2688,19
2688,20
2688,51
2688,53
2688,22
2689,414
2689,415
2690,22
2690,263
2690,499
2690,367
2690,646
2691,22
2691,263
2691,499
2691,367
2691,646
2692,22
2692,263
2692,499
2692,367
2692,646
2693,22
2693,263
2693,499
2693,367
2693,646
2694,22
2694,263
2694,499
2694,367
2694,174
2694,646
2695,22
2695,263
2695,499
2695,367
2695,174
2695,646
2696,22
2696,263
2696,499
2696,367
2696,174
2696,646
2697,22
2697,263
2697,499
2697,367
2697,174
2697,646
2698,22
2698,263
2698,499
2698,367
2698,174
2698,646
2699,22
2699,263
2699,499
2699,367
2699,174
2699,646
2700,22
2700,263
2700,499
2700,367
2700,174
2700,646
2701,22
2701,263
2701,499
2701,367
2701,174
2701,646
2702,62
2702,263
2702,63
2702,179
2702,440
2702,65
2703,62
2703,263
2703,63
2703,179
2703,440
2703,65
2704,62
2704,263
2704,255
2704,367
2704,442
2705,62
2705,263
2705,255
2705,367
2705,442
2706,62
2706,263
2706,255
2706,367
2706,442
2707,20
2707,22
2707,517
2707,499
2707,224
2707,646
2708,20
2708,22
2708,517
2708,499
2708,224
2708,646
2709,737
2709,922
2710,737
2710,922
2711,19
2711,20
2711,22
2712,19
2712,20
2712,22
2713,49
2713,51
2713,62
2713,63
2713,41
2713,441
2713,442
2714,63
2714,440
2714,23
2714,62
2714,263
2714,367
2714,443
2715,62
2715,263
2715,367
2715,63
2715,443
2716,63
2716,440
2716,23
2717,63
2717,440
2717,23
2718,49
2718,51
2718,62
2718,63
2718,41
2718,441
2718,442
2719,263
2719,367
2719,63
2719,443
2719,440
2719,442
2720,262
2720,263
2720,440
2720,273
2720,41
2720,42
2720,442
2721,62
2721,255
2721,179
2721,440
2721,444
2722,263
2722,367
2722,179
2722,445
2722,446
2722,65
2723,262
2723,263
2723,440
2723,273
2723,172
2723,171
2723,41
2723,42
2723,442
2724,262
2724,263
2724,440
2724,273
2724,172
2724,171
2724,41
2724,42
2724,442
2725,228
2725,49
2725,62
2725,179
2725,923
2725,924
2726,49
2726,51
2726,62
2726,63
2726,41
2726,441
2726,442
2727,262
2727,263
2727,443
2727,273
2727,41
2727,42
2727,442
2728,263
2728,273
2728,442
2729,62
2729,255
2729,179
2729,440
2729,444
2730,925
2730,926
2730,927
2730,928
2730,263
2730,63
2730,179
2730,440
2730,444
2731,262
2731,263
2731,440
2731,172
2731,23
2731,444
2732,62
2732,179
2732,304
2732,42
2733,62
2733,179
2733,304
2733,42
2734,263
2734,42
2735,263
2735,42
2736,62
2736,367
2736,63
2736,179
2736,440
2736,65
2737,62
2737,367
2737,63
2737,179
2737,440
2737,65
2738,442
2738,65
2738,929
2738,172
2738,930
2739,442
2739,65
2739,929
2739,172
2739,930
2740,543
2740,544
